config,seed,step,tokens,train_loss,val_loss
R0_fp32,0,0,2048,7.681532382965088,7.655008935928345
R0_fp32,0,100,206848,4.953786373138428,4.835930395126343
R0_fp32,0,200,411648,4.1604695320129395,4.168801927566529
R0_fp32,0,300,616448,3.8433473110198975,3.9435596585273744
R0_fp32,0,400,821248,3.717658281326294,3.7501230597496034
R0_fp32,0,500,1026048,3.5248677730560303,3.6269734025001528
R0_fp32,0,600,1230848,3.5562257766723633,3.506031310558319
R0_fp32,0,700,1435648,3.320937156677246,3.4086350083351133
R0_fp32,0,800,1640448,3.370915174484253,3.3485201001167297
R0_fp32,0,900,1845248,3.206286907196045,3.2632799625396727
R0_fp32,0,1000,2050048,3.1866796016693115,3.2121986746788025
R0_fp32,0,1100,2254848,2.98774790763855,3.1654390573501585
R0_fp32,0,1200,2459648,3.04451322555542,3.100985288619995
R0_fp32,0,1300,2664448,3.2062575817108154,3.06436368227005
R0_fp32,0,1400,2869248,2.82248854637146,3.015315854549408
R0_fp32,0,1500,3074048,2.9016528129577637,2.965783679485321
R0_fp32,0,1600,3278848,2.89016056060791,2.9315110206604005
R0_fp32,0,1700,3483648,2.8313214778900146,2.890324318408966
R0_fp32,0,1800,3688448,2.9338836669921875,2.8632038474082946
R0_fp32,0,1900,3893248,2.5480008125305176,2.841947329044342
R0_fp32,0,2000,4098048,2.9274489879608154,2.8147724747657774
R0_fp32,0,2100,4302848,2.6829519271850586,2.7948357820510865
R0_fp32,0,2200,4507648,2.785919427871704,2.7757661938667297
R0_fp32,0,2300,4712448,2.987589120864868,2.757427155971527
R0_fp32,0,2400,4917248,2.7463676929473877,2.7180180191993712
R0_fp32,0,2500,5122048,2.746145248413086,2.688367986679077
R0_fp32,0,2600,5326848,2.6227951049804688,2.674053430557251
R0_fp32,0,2700,5531648,2.652255058288574,2.652894341945648
R0_fp32,0,2800,5736448,2.649771213531494,2.6159536719322203
R0_fp32,0,2900,5941248,2.631610631942749,2.600833833217621
R0_fp32,0,3000,6146048,2.6221375465393066,2.592345345020294
R0_fp32,0,3100,6350848,2.6539173126220703,2.5867322087287903
R0_fp32,0,3200,6555648,2.5201542377471924,2.559312915802002
R0_fp32,0,3300,6760448,2.5694451332092285,2.5327613711357118
R0_fp32,0,3400,6965248,2.719717502593994,2.5336619138717653
R0_fp32,0,3500,7170048,2.344733238220215,2.5365126967430114
R0_fp32,0,3600,7374848,2.272251844406128,2.507150208950043
R0_fp32,0,3700,7579648,2.4672317504882812,2.486890459060669
R0_fp32,0,3800,7784448,2.333871364593506,2.4751330375671388
R0_fp32,0,3900,7989248,2.3685293197631836,2.448365020751953
R0_fp32,0,4000,8194048,2.3181889057159424,2.4509103059768678
R0_fp32,0,4100,8398848,2.400042772293091,2.4417373180389403
R0_fp32,0,4200,8603648,2.3492610454559326,2.417322742938995
R0_fp32,0,4300,8808448,2.431889772415161,2.408616876602173
R0_fp32,0,4400,9013248,2.3415098190307617,2.3910216212272646
R0_fp32,0,4500,9218048,2.3232367038726807,2.3865139484405518
R0_fp32,0,4600,9422848,2.247117280960083,2.365525150299072
R0_fp32,0,4700,9627648,2.3111720085144043,2.35641108751297
R0_fp32,0,4800,9832448,2.14326548576355,2.3487142086029054
R0_fp32,0,4900,10037248,2.447157859802246,2.344838094711304
R0_fp32,0,5000,10242048,2.2545700073242188,2.3336729288101195
R0_fp32,0,5100,10446848,2.2973060607910156,2.32354621887207
R0_fp32,0,5200,10651648,2.30839467048645,2.3138151288032534
R0_fp32,0,5300,10856448,2.2938003540039062,2.2912623405456545
R0_fp32,0,5400,11061248,2.25791072845459,2.2983190536499025
R0_fp32,0,5500,11266048,2.2732815742492676,2.2762275457382204
R0_fp32,0,5600,11470848,2.072716474533081,2.2708956360816956
R0_fp32,0,5700,11675648,2.17405104637146,2.2567726254463194
R0_fp32,0,5800,11880448,2.2783923149108887,2.2582247972488405
R0_fp32,0,5900,12085248,2.1084823608398438,2.2439963102340696
R0_fp32,0,6000,12290048,2.3193719387054443,2.231115734577179
R0_fp32,0,6100,12494848,2.010434627532959,2.2256909728050234
R0_fp32,0,6200,12699648,2.0811688899993896,2.2137983679771422
R0_fp32,0,6300,12904448,2.343109369277954,2.207759141921997
R0_fp32,0,6400,13109248,2.042747735977173,2.200939303636551
R0_fp32,0,6500,13314048,2.2777717113494873,2.201206624507904
R0_fp32,0,6600,13518848,2.301436185836792,2.1897632658481596
R0_fp32,0,6700,13723648,2.119966506958008,2.179147297143936
R0_fp32,0,6800,13928448,2.0568487644195557,2.1691817700862885
R0_fp32,0,6900,14133248,2.1103920936584473,2.16438404917717
R0_fp32,0,7000,14338048,2.2981925010681152,2.154156577587128
R0_fp32,0,7100,14542848,2.0172345638275146,2.1472439587116243
R0_fp32,0,7200,14747648,1.9981153011322021,2.14222766160965
R0_fp32,0,7300,14952448,1.9177871942520142,2.139086526632309
R0_fp32,0,7400,15157248,2.1481306552886963,2.1292944729328154
R0_fp32,0,7500,15362048,2.1633315086364746,2.123225766420364
R0_fp32,0,7600,15566848,1.9877283573150635,2.1140285611152647
R0_fp32,0,7700,15771648,1.900241494178772,2.113591468334198
R0_fp32,0,7800,15976448,1.8719394207000732,2.1086859941482543
R0_fp32,0,7900,16181248,2.2225706577301025,2.101933014392853
R0_fp32,0,8000,16386048,2.0044775009155273,2.1012257397174836
R0_fp32,0,8100,16590848,1.8711178302764893,2.09515323638916
R0_fp32,0,8200,16795648,2.0380699634552,2.085927677154541
R0_fp32,0,8300,17000448,1.817234992980957,2.0834828495979307
R0_fp32,0,8400,17205248,2.0243308544158936,2.0818146467208862
R0_fp32,0,8500,17410048,1.8344286680221558,2.0784212350845337
R0_fp32,0,8600,17614848,1.9296900033950806,2.0705884754657746
R0_fp32,0,8700,17819648,1.914018154144287,2.0699438512325288
R0_fp32,0,8800,18024448,1.8416599035263062,2.0672965347766876
R0_fp32,0,8900,18229248,2.043473720550537,2.061325931549072
R0_fp32,0,9000,18434048,2.071619749069214,2.058353590965271
R0_fp32,0,9100,18638848,2.081580877304077,2.0533742666244508
R0_fp32,0,9200,18843648,2.019904851913452,2.0539122939109804
R0_fp32,0,9300,19048448,1.9158483743667603,2.0485808074474336
R0_fp32,0,9400,19253248,1.9780710935592651,2.050071692466736
R0_fp32,0,9500,19458048,1.8474754095077515,2.0459491193294523
R0_fp32,0,9600,19662848,1.9107669591903687,2.043283224105835
R0_fp32,0,9700,19867648,1.862319827079773,2.0432440102100373
R0_fp32,0,9800,20072448,1.978695273399353,2.036982399225235
R0_fp32,0,9900,20277248,1.8626346588134766,2.034114050865173
R0_fp32,0,9999,20480000,2.081564426422119,2.0321679055690764
R0_fp32,1,0,2048,7.660879611968994,7.649790644645691
R0_fp32,1,100,206848,5.076592922210693,4.924562001228333
R0_fp32,1,200,411648,4.161616325378418,4.177117025852203
R0_fp32,1,300,616448,3.7908051013946533,3.934691822528839
R0_fp32,1,400,821248,3.6996893882751465,3.7201196193695067
R0_fp32,1,500,1026048,3.544503927230835,3.6330293655395507
R0_fp32,1,600,1230848,3.5571112632751465,3.504793953895569
R0_fp32,1,700,1435648,3.286449670791626,3.4177523493766784
R0_fp32,1,800,1640448,3.3423750400543213,3.3034872889518736
R0_fp32,1,900,1845248,3.1963820457458496,3.2246456146240234
R0_fp32,1,1000,2050048,3.1895320415496826,3.2110180497169494
R0_fp32,1,1100,2254848,2.9611713886260986,3.1455056190490724
R0_fp32,1,1200,2459648,3.0510451793670654,3.079707169532776
R0_fp32,1,1300,2664448,3.2074625492095947,3.052283728122711
R0_fp32,1,1400,2869248,2.826051712036133,3.0111721038818358
R0_fp32,1,1500,3074048,2.902529716491699,2.9566542506217957
R0_fp32,1,1600,3278848,2.8824682235717773,2.9331486344337465
R0_fp32,1,1700,3483648,2.821657180786133,2.8892269849777223
R0_fp32,1,1800,3688448,2.962608575820923,2.8564886450767517
R0_fp32,1,1900,3893248,2.553640127182007,2.831770145893097
R0_fp32,1,2000,4098048,2.947855234146118,2.8046757578849792
R0_fp32,1,2100,4302848,2.6899988651275635,2.774318885803223
R0_fp32,1,2200,4507648,2.7618408203125,2.7364694118499755
R0_fp32,1,2300,4712448,2.993497848510742,2.7209115505218504
R0_fp32,1,2400,4917248,2.708531141281128,2.713745129108429
R0_fp32,1,2500,5122048,2.738628625869751,2.6767396211624144
R0_fp32,1,2600,5326848,2.624706983566284,2.660369610786438
R0_fp32,1,2700,5531648,2.6490910053253174,2.6538558125495912
R0_fp32,1,2800,5736448,2.6122846603393555,2.6218444108963013
R0_fp32,1,2900,5941248,2.621591091156006,2.5918646812438966
R0_fp32,1,3000,6146048,2.592402219772339,2.5741438388824465
R0_fp32,1,3100,6350848,2.6671977043151855,2.5726662039756776
R0_fp32,1,3200,6555648,2.4976837635040283,2.5602848529815674
R0_fp32,1,3300,6760448,2.5850677490234375,2.523393487930298
R0_fp32,1,3400,6965248,2.6743812561035156,2.5126774191856383
R0_fp32,1,3500,7170048,2.3066766262054443,2.507321465015411
R0_fp32,1,3600,7374848,2.242591381072998,2.4861817598342895
R0_fp32,1,3700,7579648,2.4429075717926025,2.4758403182029722
R0_fp32,1,3800,7784448,2.320466995239258,2.4562519550323487
R0_fp32,1,3900,7989248,2.4002838134765625,2.4403406977653503
R0_fp32,1,4000,8194048,2.307476758956909,2.4341086983680724
R0_fp32,1,4100,8398848,2.392235517501831,2.4096177339553835
R0_fp32,1,4200,8603648,2.3605310916900635,2.406289482116699
R0_fp32,1,4300,8808448,2.421967029571533,2.390174162387848
R0_fp32,1,4400,9013248,2.315446138381958,2.3853000521659853
R0_fp32,1,4500,9218048,2.3136730194091797,2.375533950328827
R0_fp32,1,4600,9422848,2.2182178497314453,2.3576073169708254
R0_fp32,1,4700,9627648,2.3070132732391357,2.347476768493652
R0_fp32,1,4800,9832448,2.1395437717437744,2.3411914348602294
R0_fp32,1,4900,10037248,2.402061700820923,2.332186532020569
R0_fp32,1,5000,10242048,2.2429563999176025,2.3171835064888002
R0_fp32,1,5100,10446848,2.285747528076172,2.3047275304794312
R0_fp32,1,5200,10651648,2.2654967308044434,2.3044604659080505
R0_fp32,1,5300,10856448,2.273331880569458,2.2796474575996397
R0_fp32,1,5400,11061248,2.2150089740753174,2.272719478607178
R0_fp32,1,5500,11266048,2.3042476177215576,2.270124983787537
R0_fp32,1,5600,11470848,2.0577688217163086,2.2622629761695863
R0_fp32,1,5700,11675648,2.1502559185028076,2.2475032925605776
R0_fp32,1,5800,11880448,2.2639989852905273,2.239690601825714
R0_fp32,1,5900,12085248,2.100800037384033,2.2254287719726564
R0_fp32,1,6000,12290048,2.3286325931549072,2.2205636143684386
R0_fp32,1,6100,12494848,2.0010666847229004,2.2182915925979616
R0_fp32,1,6200,12699648,2.066676378250122,2.204549491405487
R0_fp32,1,6300,12904448,2.336381196975708,2.1975552678108214
R0_fp32,1,6400,13109248,2.0645718574523926,2.1880776226520537
R0_fp32,1,6500,13314048,2.2568578720092773,2.1851976692676542
R0_fp32,1,6600,13518848,2.2653865814208984,2.180807572603226
R0_fp32,1,6700,13723648,2.1081106662750244,2.1699084043502808
R0_fp32,1,6800,13928448,2.070368528366089,2.161771911382675
R0_fp32,1,6900,14133248,2.1190474033355713,2.162734180688858
R0_fp32,1,7000,14338048,2.2776434421539307,2.1508669376373293
R0_fp32,1,7100,14542848,2.0130839347839355,2.137098890542984
R0_fp32,1,7200,14747648,1.977911114692688,2.1354634344577788
R0_fp32,1,7300,14952448,1.8918298482894897,2.129109573364258
R0_fp32,1,7400,15157248,2.1418633460998535,2.123826915025711
R0_fp32,1,7500,15362048,2.1651203632354736,2.1189092218875887
R0_fp32,1,7600,15566848,1.9546996355056763,2.105544263124466
R0_fp32,1,7700,15771648,1.919382929801941,2.107448774576187
R0_fp32,1,7800,15976448,1.8650262355804443,2.10102379322052
R0_fp32,1,7900,16181248,2.2046351432800293,2.1006113409996034
R0_fp32,1,8000,16386048,1.9700932502746582,2.0933042407035827
R0_fp32,1,8100,16590848,1.8836524486541748,2.0906830787658692
R0_fp32,1,8200,16795648,2.034874677658081,2.0794116258621216
R0_fp32,1,8300,17000448,1.8319897651672363,2.0756465435028075
R0_fp32,1,8400,17205248,2.0067129135131836,2.074794626235962
R0_fp32,1,8500,17410048,1.7907438278198242,2.0687760412693024
R0_fp32,1,8600,17614848,1.911076307296753,2.066850644350052
R0_fp32,1,8700,17819648,1.9356633424758911,2.06651531457901
R0_fp32,1,8800,18024448,1.819642186164856,2.06187983751297
R0_fp32,1,8900,18229248,2.0535662174224854,2.055275148153305
R0_fp32,1,9000,18434048,2.038372039794922,2.0567245960235594
R0_fp32,1,9100,18638848,2.0714528560638428,2.0511053681373594
R0_fp32,1,9200,18843648,2.0037951469421387,2.0464019954204558
R0_fp32,1,9300,19048448,1.9230914115905762,2.042283755540848
R0_fp32,1,9400,19253248,1.9848474264144897,2.042452424764633
R0_fp32,1,9500,19458048,1.8319355249404907,2.038846802711487
R0_fp32,1,9600,19662848,1.8985815048217773,2.0392731428146362
R0_fp32,1,9700,19867648,1.8570319414138794,2.036654645204544
R0_fp32,1,9800,20072448,1.9521993398666382,2.0316688477993012
R0_fp32,1,9900,20277248,1.8258594274520874,2.0293766975402834
R0_fp32,1,9999,20480000,2.049499034881592,2.0286177337169646
R0_fp32,2,0,2048,7.657173156738281,7.642388486862183
R0_fp32,2,100,206848,4.936997413635254,4.835854411125183
R0_fp32,2,200,411648,4.100216865539551,4.177904880046844
R0_fp32,2,300,616448,3.8329014778137207,3.944043731689453
R0_fp32,2,400,821248,3.7234508991241455,3.7509313941001894
R0_fp32,2,500,1026048,3.5296196937561035,3.646094226837158
R0_fp32,2,600,1230848,3.5827903747558594,3.5098322868347167
R0_fp32,2,700,1435648,3.308793544769287,3.4392822265625
R0_fp32,2,800,1640448,3.3587899208068848,3.3414522290229796
R0_fp32,2,900,1845248,3.2106497287750244,3.236007285118103
R0_fp32,2,1000,2050048,3.1735284328460693,3.199215793609619
R0_fp32,2,1100,2254848,2.9550273418426514,3.1627474665641784
R0_fp32,2,1200,2459648,3.0591328144073486,3.110974144935608
R0_fp32,2,1300,2664448,3.2174758911132812,3.0790217757225036
R0_fp32,2,1400,2869248,2.851824998855591,3.0027728915214538
R0_fp32,2,1500,3074048,2.8794448375701904,2.9670392751693724
R0_fp32,2,1600,3278848,2.852550745010376,2.9265238761901857
R0_fp32,2,1700,3483648,2.877423048019409,2.885315644741058
R0_fp32,2,1800,3688448,2.959855794906616,2.874435579776764
R0_fp32,2,1900,3893248,2.5225830078125,2.8451732397079468
R0_fp32,2,2000,4098048,2.9172768592834473,2.8026103138923646
R0_fp32,2,2100,4302848,2.676847457885742,2.786595642566681
R0_fp32,2,2200,4507648,2.7656373977661133,2.755423128604889
R0_fp32,2,2300,4712448,3.015650510787964,2.741333484649658
R0_fp32,2,2400,4917248,2.7258214950561523,2.735316514968872
R0_fp32,2,2500,5122048,2.764636516571045,2.6867174983024595
R0_fp32,2,2600,5326848,2.6454172134399414,2.6706565499305723
R0_fp32,2,2700,5531648,2.652130126953125,2.657492482662201
R0_fp32,2,2800,5736448,2.616530656814575,2.634493625164032
R0_fp32,2,2900,5941248,2.6408092975616455,2.5997397184371946
R0_fp32,2,3000,6146048,2.5737502574920654,2.581958556175232
R0_fp32,2,3100,6350848,2.6649041175842285,2.576476037502289
R0_fp32,2,3200,6555648,2.524538993835449,2.5679762601852416
R0_fp32,2,3300,6760448,2.6106956005096436,2.5343543767929075
R0_fp32,2,3400,6965248,2.692072868347168,2.5291399002075194
R0_fp32,2,3500,7170048,2.345357894897461,2.5207385420799255
R0_fp32,2,3600,7374848,2.243288040161133,2.503736710548401
R0_fp32,2,3700,7579648,2.457312822341919,2.495899665355682
R0_fp32,2,3800,7784448,2.3452184200286865,2.471876382827759
R0_fp32,2,3900,7989248,2.407939910888672,2.4528908848762514
R0_fp32,2,4000,8194048,2.3462061882019043,2.452753520011902
R0_fp32,2,4100,8398848,2.3992908000946045,2.427871060371399
R0_fp32,2,4200,8603648,2.379092216491699,2.4243197441101074
R0_fp32,2,4300,8808448,2.4469683170318604,2.4002371549606325
R0_fp32,2,4400,9013248,2.347566843032837,2.398484802246094
R0_fp32,2,4500,9218048,2.3142549991607666,2.3770037651062013
R0_fp32,2,4600,9422848,2.2246742248535156,2.367866539955139
R0_fp32,2,4700,9627648,2.31217622756958,2.352375555038452
R0_fp32,2,4800,9832448,2.1714465618133545,2.3531086444854736
R0_fp32,2,4900,10037248,2.432156562805176,2.3378435730934144
R0_fp32,2,5000,10242048,2.2603535652160645,2.3255571246147158
R0_fp32,2,5100,10446848,2.2825253009796143,2.324962055683136
R0_fp32,2,5200,10651648,2.3038930892944336,2.310855972766876
R0_fp32,2,5300,10856448,2.2951505184173584,2.299938941001892
R0_fp32,2,5400,11061248,2.2244157791137695,2.29334214925766
R0_fp32,2,5500,11266048,2.2949886322021484,2.2703561902046205
R0_fp32,2,5600,11470848,2.102170705795288,2.2830009698867797
R0_fp32,2,5700,11675648,2.188551425933838,2.2547085881233215
R0_fp32,2,5800,11880448,2.3000736236572266,2.257668948173523
R0_fp32,2,5900,12085248,2.117854356765747,2.2470680236816407
R0_fp32,2,6000,12290048,2.3370745182037354,2.2315421223640444
R0_fp32,2,6100,12494848,2.0255532264709473,2.224877643585205
R0_fp32,2,6200,12699648,2.097454309463501,2.211698627471924
R0_fp32,2,6300,12904448,2.3406929969787598,2.2120999574661253
R0_fp32,2,6400,13109248,2.098243474960327,2.198137032985687
R0_fp32,2,6500,13314048,2.2638120651245117,2.2006757140159605
R0_fp32,2,6600,13518848,2.26239013671875,2.189081698656082
R0_fp32,2,6700,13723648,2.1082496643066406,2.1810691595077514
R0_fp32,2,6800,13928448,2.050523519515991,2.1693552494049073
R0_fp32,2,6900,14133248,2.120651960372925,2.1712641656398772
R0_fp32,2,7000,14338048,2.3228774070739746,2.1610451996326447
R0_fp32,2,7100,14542848,2.046625852584839,2.157467842102051
R0_fp32,2,7200,14747648,2.0315849781036377,2.1447214126586913
R0_fp32,2,7300,14952448,1.9275128841400146,2.1422136664390563
R0_fp32,2,7400,15157248,2.148056745529175,2.1311707139015197
R0_fp32,2,7500,15362048,2.1838576793670654,2.126173859834671
R0_fp32,2,7600,15566848,1.9820181131362915,2.1189304769039152
R0_fp32,2,7700,15771648,1.9139472246170044,2.113360273838043
R0_fp32,2,7800,15976448,1.862620234489441,2.110233998298645
R0_fp32,2,7900,16181248,2.2161953449249268,2.109671896696091
R0_fp32,2,8000,16386048,1.993407964706421,2.101344722509384
R0_fp32,2,8100,16590848,1.9068446159362793,2.0968598246574404
R0_fp32,2,8200,16795648,2.0498902797698975,2.0890245258808138
R0_fp32,2,8300,17000448,1.853452444076538,2.0859337985515594
R0_fp32,2,8400,17205248,2.0336766242980957,2.0834549486637117
R0_fp32,2,8500,17410048,1.8217394351959229,2.0774265944957735
R0_fp32,2,8600,17614848,1.926093339920044,2.070303863286972
R0_fp32,2,8700,17819648,1.9319828748703003,2.0697646260261537
R0_fp32,2,8800,18024448,1.8619543313980103,2.0676847636699676
R0_fp32,2,8900,18229248,2.0806632041931152,2.060836064815521
R0_fp32,2,9000,18434048,2.05696439743042,2.0600591957569123
R0_fp32,2,9100,18638848,2.075286865234375,2.0534944772720336
R0_fp32,2,9200,18843648,2.0206549167633057,2.0507706582546232
R0_fp32,2,9300,19048448,1.9638437032699585,2.047028148174286
R0_fp32,2,9400,19253248,1.9936161041259766,2.0473515927791595
R0_fp32,2,9500,19458048,1.8610643148422241,2.04339719414711
R0_fp32,2,9600,19662848,1.9115500450134277,2.0410791099071504
R0_fp32,2,9700,19867648,1.8851815462112427,2.042356997728348
R0_fp32,2,9800,20072448,1.975479245185852,2.0373712837696076
R0_fp32,2,9900,20277248,1.8622852563858032,2.0327860474586488
R0_fp32,2,9999,20480000,2.092510461807251,2.032287967205048
R1_ternary,0,0,2048,7.670682430267334,7.6503212451934814
R1_ternary,0,100,206848,5.194328308105469,5.140547299385071
R1_ternary,0,200,411648,4.233541011810303,4.279590439796448
R1_ternary,0,300,616448,3.900418519973755,4.023418235778808
R1_ternary,0,400,821248,3.797745943069458,3.8367926120758056
R1_ternary,0,500,1026048,3.6178674697875977,3.715236985683441
R1_ternary,0,600,1230848,3.6615359783172607,3.584355866909027
R1_ternary,0,700,1435648,3.3746938705444336,3.4799232006073
R1_ternary,0,800,1640448,3.4181320667266846,3.4198686480522156
R1_ternary,0,900,1845248,3.2735366821289062,3.307765746116638
R1_ternary,0,1000,2050048,3.219383716583252,3.2866743564605714
R1_ternary,0,1100,2254848,2.9922726154327393,3.20872939825058
R1_ternary,0,1200,2459648,3.112738847732544,3.1631802558898925
R1_ternary,0,1300,2664448,3.2831296920776367,3.1228449940681458
R1_ternary,0,1400,2869248,2.89151930809021,3.074731683731079
R1_ternary,0,1500,3074048,2.994330406188965,3.066508388519287
R1_ternary,0,1600,3278848,2.9493463039398193,2.9967101216316223
R1_ternary,0,1700,3483648,2.90818452835083,2.966834831237793
R1_ternary,0,1800,3688448,3.0425994396209717,2.9538310527801515
R1_ternary,0,1900,3893248,2.620574712753296,2.926415038108826
R1_ternary,0,2000,4098048,3.0484752655029297,2.901169002056122
R1_ternary,0,2100,4302848,2.774075984954834,2.892259442806244
R1_ternary,0,2200,4507648,2.9020745754241943,2.8644307613372804
R1_ternary,0,2300,4712448,3.1167778968811035,2.8541980385780334
R1_ternary,0,2400,4917248,2.8207314014434814,2.8253904700279238
R1_ternary,0,2500,5122048,2.8697898387908936,2.805914044380188
R1_ternary,0,2600,5326848,2.747624397277832,2.802157700061798
R1_ternary,0,2700,5531648,2.805117607116699,2.7853213787078857
R1_ternary,0,2800,5736448,2.7680139541625977,2.766727387905121
R1_ternary,0,2900,5941248,2.8063337802886963,2.7593475937843324
R1_ternary,0,3000,6146048,2.7266929149627686,2.7350563049316405
R1_ternary,0,3100,6350848,2.8362209796905518,2.7378588676452638
R1_ternary,0,3200,6555648,2.674516201019287,2.724530839920044
R1_ternary,0,3300,6760448,2.798767566680908,2.6993353009223937
R1_ternary,0,3400,6965248,2.9337735176086426,2.7007501125335693
R1_ternary,0,3500,7170048,2.5309767723083496,2.6936652660369873
R1_ternary,0,3600,7374848,2.434095621109009,2.6678954124450684
R1_ternary,0,3700,7579648,2.692155122756958,2.666396450996399
R1_ternary,0,3800,7784448,2.5453522205352783,2.670779120922089
R1_ternary,0,3900,7989248,2.589472770690918,2.649200177192688
R1_ternary,0,4000,8194048,2.487996816635132,2.6293732285499574
R1_ternary,0,4100,8398848,2.5908775329589844,2.6152673721313477
R1_ternary,0,4200,8603648,2.550173282623291,2.6157477855682374
R1_ternary,0,4300,8808448,2.644676685333252,2.6061866521835326
R1_ternary,0,4400,9013248,2.5579910278320312,2.5953734040260317
R1_ternary,0,4500,9218048,2.5162010192871094,2.582528829574585
R1_ternary,0,4600,9422848,2.4462833404541016,2.5838815689086916
R1_ternary,0,4700,9627648,2.5131256580352783,2.577233302593231
R1_ternary,0,4800,9832448,2.379638195037842,2.5501001358032225
R1_ternary,0,4900,10037248,2.6675620079040527,2.560695731639862
R1_ternary,0,5000,10242048,2.510944128036499,2.552116644382477
R1_ternary,0,5100,10446848,2.526804208755493,2.5433016419410706
R1_ternary,0,5200,10651648,2.548278331756592,2.5265586614608764
R1_ternary,0,5300,10856448,2.551661252975464,2.5237258076667786
R1_ternary,0,5400,11061248,2.4791040420532227,2.5151684880256653
R1_ternary,0,5500,11266048,2.539351463317871,2.512953007221222
R1_ternary,0,5600,11470848,2.3283298015594482,2.501756477355957
R1_ternary,0,5700,11675648,2.435338020324707,2.48961021900177
R1_ternary,0,5800,11880448,2.527092933654785,2.4862825989723207
R1_ternary,0,5900,12085248,2.372323513031006,2.4630449533462526
R1_ternary,0,6000,12290048,2.638645648956299,2.4703600645065307
R1_ternary,0,6100,12494848,2.2769827842712402,2.4753041863441467
R1_ternary,0,6200,12699648,2.327735424041748,2.449344551563263
R1_ternary,0,6300,12904448,2.6413395404815674,2.4449419140815736
R1_ternary,0,6400,13109248,2.3520514965057373,2.44360511302948
R1_ternary,0,6500,13314048,2.5074586868286133,2.4340110778808595
R1_ternary,0,6600,13518848,2.57304310798645,2.4282280564308167
R1_ternary,0,6700,13723648,2.377255916595459,2.42971408367157
R1_ternary,0,6800,13928448,2.311937093734741,2.4127949595451357
R1_ternary,0,6900,14133248,2.376068353652954,2.411860716342926
R1_ternary,0,7000,14338048,2.5715818405151367,2.400218427181244
R1_ternary,0,7100,14542848,2.3019707202911377,2.4046730041503905
R1_ternary,0,7200,14747648,2.2710886001586914,2.3851079106330872
R1_ternary,0,7300,14952448,2.216841459274292,2.3839829087257387
R1_ternary,0,7400,15157248,2.3951478004455566,2.376557636260986
R1_ternary,0,7500,15362048,2.4667983055114746,2.3756380796432497
R1_ternary,0,7600,15566848,2.2612545490264893,2.3680674195289613
R1_ternary,0,7700,15771648,2.185560941696167,2.362552452087402
R1_ternary,0,7800,15976448,2.136777877807617,2.3614685773849486
R1_ternary,0,7900,16181248,2.5427963733673096,2.3532445669174193
R1_ternary,0,8000,16386048,2.268925189971924,2.3421592831611635
R1_ternary,0,8100,16590848,2.134112596511841,2.3413170337677003
R1_ternary,0,8200,16795648,2.3251278400421143,2.3347309589385987
R1_ternary,0,8300,17000448,2.082547664642334,2.328718936443329
R1_ternary,0,8400,17205248,2.3170888423919678,2.334637904167175
R1_ternary,0,8500,17410048,2.1027767658233643,2.3318736791610717
R1_ternary,0,8600,17614848,2.2245404720306396,2.318741428852081
R1_ternary,0,8700,17819648,2.1647145748138428,2.3241084456443786
R1_ternary,0,8800,18024448,2.1516966819763184,2.317249023914337
R1_ternary,0,8900,18229248,2.3467183113098145,2.3095643520355225
R1_ternary,0,9000,18434048,2.3680901527404785,2.3059583067893983
R1_ternary,0,9100,18638848,2.344446897506714,2.2978710412979124
R1_ternary,0,9200,18843648,2.3249406814575195,2.2995419025421144
R1_ternary,0,9300,19048448,2.2251644134521484,2.297840142250061
R1_ternary,0,9400,19253248,2.3014719486236572,2.29711776971817
R1_ternary,0,9500,19458048,2.1354198455810547,2.3003268003463746
R1_ternary,0,9600,19662848,2.1988108158111572,2.294326329231262
R1_ternary,0,9700,19867648,2.146524429321289,2.291689765453339
R1_ternary,0,9800,20072448,2.258127450942993,2.28919597864151
R1_ternary,0,9900,20277248,2.106595516204834,2.2867543697357178
R1_ternary,0,9999,20480000,2.3473098278045654,2.2865034103393556
R1_ternary,1,0,2048,7.65148401260376,7.638238406181335
R1_ternary,1,100,206848,5.126603603363037,4.956628084182739
R1_ternary,1,200,411648,4.181248664855957,4.222987759113312
R1_ternary,1,300,616448,3.8606648445129395,3.9885970830917357
R1_ternary,1,400,821248,3.7512154579162598,3.7878802180290223
R1_ternary,1,500,1026048,3.5954458713531494,3.6630618572235107
R1_ternary,1,600,1230848,3.6140296459198,3.5297487020492553
R1_ternary,1,700,1435648,3.3129851818084717,3.4605466961860656
R1_ternary,1,800,1640448,3.4086146354675293,3.3692273616790773
R1_ternary,1,900,1845248,3.224609613418579,3.2603765964508056
R1_ternary,1,1000,2050048,3.2336578369140625,3.2558582186698914
R1_ternary,1,1100,2254848,3.006532669067383,3.180914378166199
R1_ternary,1,1200,2459648,3.0792360305786133,3.13670072555542
R1_ternary,1,1300,2664448,3.255553960800171,3.1025535345077513
R1_ternary,1,1400,2869248,2.86913800239563,3.0703837037086488
R1_ternary,1,1500,3074048,2.943389892578125,3.0183969497680665
R1_ternary,1,1600,3278848,2.933711051940918,2.9950179934501646
R1_ternary,1,1700,3483648,2.9030494689941406,2.9563111782073976
R1_ternary,1,1800,3688448,3.0567712783813477,2.950263237953186
R1_ternary,1,1900,3893248,2.6326024532318115,2.927232491970062
R1_ternary,1,2000,4098048,3.044022560119629,2.8877184987068176
R1_ternary,1,2100,4302848,2.7907674312591553,2.892040801048279
R1_ternary,1,2200,4507648,2.8905067443847656,2.852499842643738
R1_ternary,1,2300,4712448,3.125448703765869,2.8486904978752134
R1_ternary,1,2400,4917248,2.8586819171905518,2.831715762615204
R1_ternary,1,2500,5122048,2.9102067947387695,2.8212534189224243
R1_ternary,1,2600,5326848,2.775784730911255,2.8097028136253357
R1_ternary,1,2700,5531648,2.8282957077026367,2.799381601810455
R1_ternary,1,2800,5736448,2.7588071823120117,2.766054606437683
R1_ternary,1,2900,5941248,2.826965808868408,2.7714622259140014
R1_ternary,1,3000,6146048,2.760254383087158,2.74979008436203
R1_ternary,1,3100,6350848,2.85783052444458,2.7480753540992735
R1_ternary,1,3200,6555648,2.6433019638061523,2.724313485622406
R1_ternary,1,3300,6760448,2.7891175746917725,2.7154176115989683
R1_ternary,1,3400,6965248,2.8997297286987305,2.6971369624137878
R1_ternary,1,3500,7170048,2.533581495285034,2.7011874318122864
R1_ternary,1,3600,7374848,2.4648241996765137,2.69188734292984
R1_ternary,1,3700,7579648,2.687418222427368,2.669888067245483
R1_ternary,1,3800,7784448,2.5509250164031982,2.651543891429901
R1_ternary,1,3900,7989248,2.622905969619751,2.637178862094879
R1_ternary,1,4000,8194048,2.516812801361084,2.6423310041427612
R1_ternary,1,4100,8398848,2.5791215896606445,2.6266276001930238
R1_ternary,1,4200,8603648,2.539569616317749,2.6160825729370116
R1_ternary,1,4300,8808448,2.633704662322998,2.6252872347831726
R1_ternary,1,4400,9013248,2.546126127243042,2.606018769741058
R1_ternary,1,4500,9218048,2.528627872467041,2.6001691699028013
R1_ternary,1,4600,9422848,2.4547812938690186,2.581330442428589
R1_ternary,1,4700,9627648,2.5085134506225586,2.5674747228622437
R1_ternary,1,4800,9832448,2.3861794471740723,2.5603113889694216
R1_ternary,1,4900,10037248,2.666874408721924,2.5655611753463745
R1_ternary,1,5000,10242048,2.5092849731445312,2.5466761946678163
R1_ternary,1,5100,10446848,2.545647621154785,2.5331996202468874
R1_ternary,1,5200,10651648,2.566683053970337,2.5337859392166138
R1_ternary,1,5300,10856448,2.544482946395874,2.534279704093933
R1_ternary,1,5400,11061248,2.485959768295288,2.528600513935089
R1_ternary,1,5500,11266048,2.5396804809570312,2.511927902698517
R1_ternary,1,5600,11470848,2.341606855392456,2.505826735496521
R1_ternary,1,5700,11675648,2.447526216506958,2.490010344982147
R1_ternary,1,5800,11880448,2.4933197498321533,2.495174241065979
R1_ternary,1,5900,12085248,2.3689146041870117,2.471571946144104
R1_ternary,1,6000,12290048,2.595820188522339,2.4761592626571653
R1_ternary,1,6100,12494848,2.2616360187530518,2.4764852046966555
R1_ternary,1,6200,12699648,2.344360589981079,2.461329448223114
R1_ternary,1,6300,12904448,2.6077449321746826,2.444221723079681
R1_ternary,1,6400,13109248,2.332824230194092,2.441615355014801
R1_ternary,1,6500,13314048,2.5121686458587646,2.438649821281433
R1_ternary,1,6600,13518848,2.563056468963623,2.4270037174224854
R1_ternary,1,6700,13723648,2.4010772705078125,2.4294678211212157
R1_ternary,1,6800,13928448,2.3370275497436523,2.4148234844207765
R1_ternary,1,6900,14133248,2.3696236610412598,2.4095028758049013
R1_ternary,1,7000,14338048,2.612520456314087,2.3912248015403748
R1_ternary,1,7100,14542848,2.2880961894989014,2.4019028306007386
R1_ternary,1,7200,14747648,2.2729461193084717,2.3973024249076844
R1_ternary,1,7300,14952448,2.202092409133911,2.38740496635437
R1_ternary,1,7400,15157248,2.423089027404785,2.376196730136871
R1_ternary,1,7500,15362048,2.4403915405273438,2.3780418634414673
R1_ternary,1,7600,15566848,2.249377965927124,2.3542905926704405
R1_ternary,1,7700,15771648,2.169727087020874,2.364558494091034
R1_ternary,1,7800,15976448,2.133425235748291,2.356646454334259
R1_ternary,1,7900,16181248,2.541177988052368,2.3568618297576904
R1_ternary,1,8000,16386048,2.252751588821411,2.3494964599609376
R1_ternary,1,8100,16590848,2.1505141258239746,2.3392096757888794
R1_ternary,1,8200,16795648,2.318206310272217,2.3322527408599854
R1_ternary,1,8300,17000448,2.130600929260254,2.3267571330070496
R1_ternary,1,8400,17205248,2.3059585094451904,2.3230163216590882
R1_ternary,1,8500,17410048,2.086113691329956,2.322934091091156
R1_ternary,1,8600,17614848,2.2208163738250732,2.3144184827804564
R1_ternary,1,8700,17819648,2.1824676990509033,2.3187748670578
R1_ternary,1,8800,18024448,2.136531114578247,2.315651547908783
R1_ternary,1,8900,18229248,2.3358957767486572,2.3108167171478273
R1_ternary,1,9000,18434048,2.355970859527588,2.301453340053558
R1_ternary,1,9100,18638848,2.3828606605529785,2.2979467272758485
R1_ternary,1,9200,18843648,2.342432975769043,2.3046042561531066
R1_ternary,1,9300,19048448,2.2101542949676514,2.292238640785217
R1_ternary,1,9400,19253248,2.2816946506500244,2.294557511806488
R1_ternary,1,9500,19458048,2.1122384071350098,2.293273186683655
R1_ternary,1,9600,19662848,2.19728684425354,2.289809799194336
R1_ternary,1,9700,19867648,2.144547939300537,2.2873592138290406
R1_ternary,1,9800,20072448,2.2500953674316406,2.2875409841537477
R1_ternary,1,9900,20277248,2.136345386505127,2.283136224746704
R1_ternary,1,9999,20480000,2.385066032409668,2.2827986598014833
R1_ternary,2,0,2048,7.6667399406433105,7.648544788360596
R1_ternary,2,100,206848,5.04860782623291,4.868949151039123
R1_ternary,2,200,411648,4.160893440246582,4.1938737511634825
R1_ternary,2,300,616448,3.845655918121338,3.964582419395447
R1_ternary,2,400,821248,3.745095729827881,3.774036169052124
R1_ternary,2,500,1026048,3.574859142303467,3.64694162607193
R1_ternary,2,600,1230848,3.582223415374756,3.544909405708313
R1_ternary,2,700,1435648,3.3326990604400635,3.4335899114608766
R1_ternary,2,800,1640448,3.373793363571167,3.376111912727356
R1_ternary,2,900,1845248,3.2345776557922363,3.272151291370392
R1_ternary,2,1000,2050048,3.227145195007324,3.2502706170082094
R1_ternary,2,1100,2254848,2.9982659816741943,3.185797691345215
R1_ternary,2,1200,2459648,3.084317207336426,3.1406825304031374
R1_ternary,2,1300,2664448,3.2634432315826416,3.13816374540329
R1_ternary,2,1400,2869248,2.906160354614258,3.101162385940552
R1_ternary,2,1500,3074048,2.9591970443725586,3.0424500346183776
R1_ternary,2,1600,3278848,2.936469316482544,3.0170225381851195
R1_ternary,2,1700,3483648,2.9311063289642334,2.96272988319397
R1_ternary,2,1800,3688448,3.0503792762756348,2.9555588364601135
R1_ternary,2,1900,3893248,2.6306071281433105,2.9502954840660096
R1_ternary,2,2000,4098048,3.041600227355957,2.906185209751129
R1_ternary,2,2100,4302848,2.8012146949768066,2.890306901931763
R1_ternary,2,2200,4507648,2.900014877319336,2.8808281302452086
R1_ternary,2,2300,4712448,3.1523895263671875,2.850359845161438
R1_ternary,2,2400,4917248,2.8579254150390625,2.834346961975098
R1_ternary,2,2500,5122048,2.890230417251587,2.840779983997345
R1_ternary,2,2600,5326848,2.7700624465942383,2.812265992164612
R1_ternary,2,2700,5531648,2.7982208728790283,2.7797728896141054
R1_ternary,2,2800,5736448,2.742306709289551,2.7714486718177795
R1_ternary,2,2900,5941248,2.790005922317505,2.7753671050071715
R1_ternary,2,3000,6146048,2.7362890243530273,2.750855326652527
R1_ternary,2,3100,6350848,2.8591861724853516,2.742659258842468
R1_ternary,2,3200,6555648,2.666198492050171,2.742387592792511
R1_ternary,2,3300,6760448,2.813629627227783,2.7104774117469788
R1_ternary,2,3400,6965248,2.937351703643799,2.6953429579734802
R1_ternary,2,3500,7170048,2.5640335083007812,2.7061683893203736
R1_ternary,2,3600,7374848,2.4631237983703613,2.692656362056732
R1_ternary,2,3700,7579648,2.710315465927124,2.6787408351898194
R1_ternary,2,3800,7784448,2.5740597248077393,2.661400330066681
R1_ternary,2,3900,7989248,2.625800848007202,2.645126748085022
R1_ternary,2,4000,8194048,2.493494987487793,2.645950770378113
R1_ternary,2,4100,8398848,2.597182273864746,2.617024838924408
R1_ternary,2,4200,8603648,2.5880258083343506,2.6255863428115847
R1_ternary,2,4300,8808448,2.692742109298706,2.6275827050209046
R1_ternary,2,4400,9013248,2.5613269805908203,2.608218812942505
R1_ternary,2,4500,9218048,2.5705111026763916,2.608319938182831
R1_ternary,2,4600,9422848,2.4323716163635254,2.574182665348053
R1_ternary,2,4700,9627648,2.546278715133667,2.5619152545928956
R1_ternary,2,4800,9832448,2.388026475906372,2.572921633720398
R1_ternary,2,4900,10037248,2.6531646251678467,2.560191011428833
R1_ternary,2,5000,10242048,2.499835729598999,2.556363654136658
R1_ternary,2,5100,10446848,2.575279951095581,2.5445274710655212
R1_ternary,2,5200,10651648,2.5550994873046875,2.526174008846283
R1_ternary,2,5300,10856448,2.580845355987549,2.5389163494110107
R1_ternary,2,5400,11061248,2.482257127761841,2.522575056552887
R1_ternary,2,5500,11266048,2.5520243644714355,2.5100285172462464
R1_ternary,2,5600,11470848,2.3344106674194336,2.5013761043548586
R1_ternary,2,5700,11675648,2.395637035369873,2.479997086524963
R1_ternary,2,5800,11880448,2.5639150142669678,2.487405240535736
R1_ternary,2,5900,12085248,2.380624771118164,2.484485721588135
R1_ternary,2,6000,12290048,2.625561237335205,2.4737441778182983
R1_ternary,2,6100,12494848,2.240736722946167,2.4609325647354128
R1_ternary,2,6200,12699648,2.3533616065979004,2.4555317997932433
R1_ternary,2,6300,12904448,2.678696393966675,2.444394624233246
R1_ternary,2,6400,13109248,2.335712432861328,2.430508029460907
R1_ternary,2,6500,13314048,2.54494309425354,2.4376728177070617
R1_ternary,2,6600,13518848,2.5790038108825684,2.4218953013420106
R1_ternary,2,6700,13723648,2.3963258266448975,2.420562767982483
R1_ternary,2,6800,13928448,2.310588836669922,2.41464524269104
R1_ternary,2,6900,14133248,2.3757212162017822,2.413430666923523
R1_ternary,2,7000,14338048,2.5779106616973877,2.3927723169326782
R1_ternary,2,7100,14542848,2.284935712814331,2.3947957158088684
R1_ternary,2,7200,14747648,2.2599658966064453,2.3894473910331726
R1_ternary,2,7300,14952448,2.1842212677001953,2.3845559477806093
R1_ternary,2,7400,15157248,2.422805070877075,2.3739270329475404
R1_ternary,2,7500,15362048,2.425119638442993,2.3732189536094666
R1_ternary,2,7600,15566848,2.208981990814209,2.3611860632896424
R1_ternary,2,7700,15771648,2.1807491779327393,2.3637020230293273
R1_ternary,2,7800,15976448,2.141101360321045,2.353567159175873
R1_ternary,2,7900,16181248,2.533780336380005,2.3476476073265076
R1_ternary,2,8000,16386048,2.237668991088867,2.3403417348861693
R1_ternary,2,8100,16590848,2.1375510692596436,2.336845302581787
R1_ternary,2,8200,16795648,2.3201656341552734,2.33263076543808
R1_ternary,2,8300,17000448,2.104133129119873,2.330318534374237
R1_ternary,2,8400,17205248,2.2948052883148193,2.3241382837295532
R1_ternary,2,8500,17410048,2.1026532649993896,2.321025538444519
R1_ternary,2,8600,17614848,2.2128803730010986,2.314609432220459
R1_ternary,2,8700,17819648,2.17818021774292,2.3188486456871034
R1_ternary,2,8800,18024448,2.132011890411377,2.310334038734436
R1_ternary,2,8900,18229248,2.3410303592681885,2.303240752220154
R1_ternary,2,9000,18434048,2.353074073791504,2.2986146330833437
R1_ternary,2,9100,18638848,2.335268974304199,2.29844788312912
R1_ternary,2,9200,18843648,2.3258864879608154,2.2945595502853395
R1_ternary,2,9300,19048448,2.191401481628418,2.29107483625412
R1_ternary,2,9400,19253248,2.287426710128784,2.291761839389801
R1_ternary,2,9500,19458048,2.1132888793945312,2.2921584248542786
R1_ternary,2,9600,19662848,2.181720733642578,2.2835284948348997
R1_ternary,2,9700,19867648,2.175875186920166,2.2880783796310427
R1_ternary,2,9800,20072448,2.2531347274780273,2.285837411880493
R1_ternary,2,9900,20277248,2.1299967765808105,2.2808077335357666
R1_ternary,2,9999,20480000,2.3693437576293945,2.2786853671073914
R2_act8,0,0,2048,7.670569896697998,7.65031361579895
R2_act8,0,100,206848,5.191253185272217,5.053329849243164
R2_act8,0,200,411648,4.212832450866699,4.223797941207886
R2_act8,0,300,616448,3.9033989906311035,3.998310625553131
R2_act8,0,400,821248,3.7818682193756104,3.806982171535492
R2_act8,0,500,1026048,3.5903782844543457,3.68019038438797
R2_act8,0,600,1230848,3.6243956089019775,3.559102165699005
R2_act8,0,700,1435648,3.3527047634124756,3.4640865683555604
R2_act8,0,800,1640448,3.4577102661132812,3.3880078911781313
R2_act8,0,900,1845248,3.2473487854003906,3.292288041114807
R2_act8,0,1000,2050048,3.235550880432129,3.271579086780548
R2_act8,0,1100,2254848,3.0082504749298096,3.1965697765350343
R2_act8,0,1200,2459648,3.0935282707214355,3.1585691928863526
R2_act8,0,1300,2664448,3.2489070892333984,3.1296315431594848
R2_act8,0,1400,2869248,2.935779094696045,3.0864100813865663
R2_act8,0,1500,3074048,2.974097728729248,3.0368396401405335
R2_act8,0,1600,3278848,2.957335948944092,3.0147419810295104
R2_act8,0,1700,3483648,2.9278488159179688,2.984601175785065
R2_act8,0,1800,3688448,3.0842604637145996,2.9574328303337096
R2_act8,0,1900,3893248,2.6691009998321533,2.9486231207847595
R2_act8,0,2000,4098048,3.0898537635803223,2.931712973117828
R2_act8,0,2100,4302848,2.7946889400482178,2.907923400402069
R2_act8,0,2200,4507648,2.907806873321533,2.8717155694961547
R2_act8,0,2300,4712448,3.127520799636841,2.889482319355011
R2_act8,0,2400,4917248,2.8863043785095215,2.849684000015259
R2_act8,0,2500,5122048,2.850476026535034,2.8350817441940306
R2_act8,0,2600,5326848,2.7685346603393555,2.821222949028015
R2_act8,0,2700,5531648,2.824770927429199,2.7964112877845766
R2_act8,0,2800,5736448,2.8092284202575684,2.782037377357483
R2_act8,0,2900,5941248,2.808969497680664,2.7588599801063536
R2_act8,0,3000,6146048,2.779416799545288,2.7666333079338075
R2_act8,0,3100,6350848,2.856522560119629,2.765851604938507
R2_act8,0,3200,6555648,2.674367904663086,2.747333586215973
R2_act8,0,3300,6760448,2.8397061824798584,2.72202525138855
R2_act8,0,3400,6965248,2.9344043731689453,2.700148355960846
R2_act8,0,3500,7170048,2.5164859294891357,2.7049065232276917
R2_act8,0,3600,7374848,2.463685989379883,2.6874160051345823
R2_act8,0,3700,7579648,2.671879529953003,2.6689459562301634
R2_act8,0,3800,7784448,2.5668280124664307,2.667359912395477
R2_act8,0,3900,7989248,2.6226155757904053,2.643901062011719
R2_act8,0,4000,8194048,2.5000009536743164,2.6382001519203184
R2_act8,0,4100,8398848,2.603785991668701,2.6307314038276672
R2_act8,0,4200,8603648,2.56545090675354,2.629026448726654
R2_act8,0,4300,8808448,2.651472806930542,2.6347721815109253
R2_act8,0,4400,9013248,2.553572654724121,2.609251379966736
R2_act8,0,4500,9218048,2.5503320693969727,2.5945613265037535
R2_act8,0,4600,9422848,2.4812793731689453,2.5944467067718504
R2_act8,0,4700,9627648,2.548408031463623,2.5845792412757875
R2_act8,0,4800,9832448,2.397695541381836,2.5710915684700013
R2_act8,0,4900,10037248,2.654484510421753,2.5886730551719666
R2_act8,0,5000,10242048,2.5072920322418213,2.553142786026001
R2_act8,0,5100,10446848,2.5649290084838867,2.561412036418915
R2_act8,0,5200,10651648,2.540555953979492,2.5440894961357117
R2_act8,0,5300,10856448,2.558223009109497,2.5382626056671143
R2_act8,0,5400,11061248,2.4821794033050537,2.5355483055114747
R2_act8,0,5500,11266048,2.5469679832458496,2.5060627818107606
R2_act8,0,5600,11470848,2.3278555870056152,2.5065173149108886
R2_act8,0,5700,11675648,2.4505348205566406,2.502223181724548
R2_act8,0,5800,11880448,2.500889301300049,2.4801578283309937
R2_act8,0,5900,12085248,2.362999677658081,2.473654329776764
R2_act8,0,6000,12290048,2.5796468257904053,2.4617976188659667
R2_act8,0,6100,12494848,2.280038833618164,2.4759716987609863
R2_act8,0,6200,12699648,2.381678581237793,2.4629597663879395
R2_act8,0,6300,12904448,2.642754316329956,2.4430436849594117
R2_act8,0,6400,13109248,2.358299970626831,2.439485216140747
R2_act8,0,6500,13314048,2.526691436767578,2.4367621779441833
R2_act8,0,6600,13518848,2.5475094318389893,2.433372974395752
R2_act8,0,6700,13723648,2.3980555534362793,2.434071385860443
R2_act8,0,6800,13928448,2.3288118839263916,2.413996946811676
R2_act8,0,6900,14133248,2.368201971054077,2.4183947443962097
R2_act8,0,7000,14338048,2.6058404445648193,2.403316330909729
R2_act8,0,7100,14542848,2.3006227016448975,2.4003520131111147
R2_act8,0,7200,14747648,2.2597787380218506,2.38524386882782
R2_act8,0,7300,14952448,2.219543933868408,2.38312965631485
R2_act8,0,7400,15157248,2.407514810562134,2.3838900446891786
R2_act8,0,7500,15362048,2.456111431121826,2.381611776351929
R2_act8,0,7600,15566848,2.2272980213165283,2.356911265850067
R2_act8,0,7700,15771648,2.1818487644195557,2.369443666934967
R2_act8,0,7800,15976448,2.152700424194336,2.3551160216331484
R2_act8,0,7900,16181248,2.5487618446350098,2.3523180723190307
R2_act8,0,8000,16386048,2.257650852203369,2.3477131128311157
R2_act8,0,8100,16590848,2.161864995956421,2.348674643039703
R2_act8,0,8200,16795648,2.326555013656616,2.3342990398406984
R2_act8,0,8300,17000448,2.1084535121917725,2.3277436017990114
R2_act8,0,8400,17205248,2.3454391956329346,2.3287921786308288
R2_act8,0,8500,17410048,2.1179311275482178,2.325898361206055
R2_act8,0,8600,17614848,2.227233648300171,2.3210662484169005
R2_act8,0,8700,17819648,2.184882879257202,2.32094429731369
R2_act8,0,8800,18024448,2.156611680984497,2.315769910812378
R2_act8,0,8900,18229248,2.3563504219055176,2.3098525643348693
R2_act8,0,9000,18434048,2.344792127609253,2.306925690174103
R2_act8,0,9100,18638848,2.3785436153411865,2.304867386817932
R2_act8,0,9200,18843648,2.3418288230895996,2.300218439102173
R2_act8,0,9300,19048448,2.1980507373809814,2.298109245300293
R2_act8,0,9400,19253248,2.2823309898376465,2.2934301495552063
R2_act8,0,9500,19458048,2.1253480911254883,2.292323887348175
R2_act8,0,9600,19662848,2.17057466506958,2.2920589327812193
R2_act8,0,9700,19867648,2.1745662689208984,2.2897038221359254
R2_act8,0,9800,20072448,2.258213996887207,2.289260983467102
R2_act8,0,9900,20277248,2.14127516746521,2.282189738750458
R2_act8,0,9999,20480000,2.3640990257263184,2.281605541706085
R2_act8,1,0,2048,7.651434421539307,7.6382455110549925
R2_act8,1,100,206848,5.212205410003662,5.044534158706665
R2_act8,1,200,411648,4.210109710693359,4.229418766498566
R2_act8,1,300,616448,3.9095699787139893,4.002035748958588
R2_act8,1,400,821248,3.7472763061523438,3.801933693885803
R2_act8,1,500,1026048,3.5969953536987305,3.682621932029724
R2_act8,1,600,1230848,3.6432483196258545,3.5717567801475525
R2_act8,1,700,1435648,3.3569068908691406,3.4538623094558716
R2_act8,1,800,1640448,3.401556968688965,3.3844123482704163
R2_act8,1,900,1845248,3.261852741241455,3.2917906403541566
R2_act8,1,1000,2050048,3.2217941284179688,3.2782209515571594
R2_act8,1,1100,2254848,2.994990825653076,3.2059159159660338
R2_act8,1,1200,2459648,3.0825257301330566,3.1556452035903932
R2_act8,1,1300,2664448,3.287952184677124,3.1233612537384032
R2_act8,1,1400,2869248,2.892744541168213,3.0806296110153197
R2_act8,1,1500,3074048,2.9543063640594482,3.035270094871521
R2_act8,1,1600,3278848,2.9574625492095947,3.0083271741867064
R2_act8,1,1700,3483648,2.9351584911346436,2.9562625527381896
R2_act8,1,1800,3688448,3.0711421966552734,2.975483500957489
R2_act8,1,1900,3893248,2.658872604370117,2.9565038681030273
R2_act8,1,2000,4098048,3.0923287868499756,2.9214699387550356
R2_act8,1,2100,4302848,2.8173041343688965,2.8839739680290224
R2_act8,1,2200,4507648,2.8884167671203613,2.8719481229782104
R2_act8,1,2300,4712448,3.1696105003356934,2.8616682052612306
R2_act8,1,2400,4917248,2.863194227218628,2.841361439228058
R2_act8,1,2500,5122048,2.9039337635040283,2.831099474430084
R2_act8,1,2600,5326848,2.7425858974456787,2.798803985118866
R2_act8,1,2700,5531648,2.831584930419922,2.797844934463501
R2_act8,1,2800,5736448,2.8101916313171387,2.7721588015556335
R2_act8,1,2900,5941248,2.7872416973114014,2.7613418340682983
R2_act8,1,3000,6146048,2.748342990875244,2.746596884727478
R2_act8,1,3100,6350848,2.8488664627075195,2.7496826171875
R2_act8,1,3200,6555648,2.682156801223755,2.7463131070137026
R2_act8,1,3300,6760448,2.814427614212036,2.7197847843170164
R2_act8,1,3400,6965248,2.910804271697998,2.702803909778595
R2_act8,1,3500,7170048,2.54520320892334,2.6915280699729918
R2_act8,1,3600,7374848,2.451838970184326,2.7020288467407227
R2_act8,1,3700,7579648,2.675386905670166,2.6704387784004213
R2_act8,1,3800,7784448,2.5666098594665527,2.665089762210846
R2_act8,1,3900,7989248,2.6275792121887207,2.639587879180908
R2_act8,1,4000,8194048,2.5119574069976807,2.6409231543540956
R2_act8,1,4100,8398848,2.615365743637085,2.633956182003021
R2_act8,1,4200,8603648,2.583798408508301,2.6158207416534425
R2_act8,1,4300,8808448,2.6864867210388184,2.6145310759544373
R2_act8,1,4400,9013248,2.5911481380462646,2.607998085021973
R2_act8,1,4500,9218048,2.5487260818481445,2.6071230292320253
R2_act8,1,4600,9422848,2.4456026554107666,2.580877661705017
R2_act8,1,4700,9627648,2.517388343811035,2.5727652668952943
R2_act8,1,4800,9832448,2.3882224559783936,2.565459728240967
R2_act8,1,4900,10037248,2.640429735183716,2.5608986616134644
R2_act8,1,5000,10242048,2.524301528930664,2.5537158846855164
R2_act8,1,5100,10446848,2.5365664958953857,2.5484819769859315
R2_act8,1,5200,10651648,2.553065538406372,2.5317206382751465
R2_act8,1,5300,10856448,2.566006898880005,2.529084312915802
R2_act8,1,5400,11061248,2.503591537475586,2.5275371789932253
R2_act8,1,5500,11266048,2.532015562057495,2.513090395927429
R2_act8,1,5600,11470848,2.3124239444732666,2.5056348919868467
R2_act8,1,5700,11675648,2.460487127304077,2.490149641036987
R2_act8,1,5800,11880448,2.5511622428894043,2.48408899307251
R2_act8,1,5900,12085248,2.3617405891418457,2.4799219369888306
R2_act8,1,6000,12290048,2.6591556072235107,2.465370833873749
R2_act8,1,6100,12494848,2.2405340671539307,2.465705156326294
R2_act8,1,6200,12699648,2.3474771976470947,2.4582557916641234
R2_act8,1,6300,12904448,2.61704683303833,2.4513864040374758
R2_act8,1,6400,13109248,2.343299150466919,2.439848744869232
R2_act8,1,6500,13314048,2.562621831893921,2.434150421619415
R2_act8,1,6600,13518848,2.547215223312378,2.4336248636245728
R2_act8,1,6700,13723648,2.3957014083862305,2.4298126101493835
R2_act8,1,6800,13928448,2.3393352031707764,2.425698184967041
R2_act8,1,6900,14133248,2.3811826705932617,2.407736873626709
R2_act8,1,7000,14338048,2.597174644470215,2.396355628967285
R2_act8,1,7100,14542848,2.288055658340454,2.3958353638648986
R2_act8,1,7200,14747648,2.270458221435547,2.3845075726509095
R2_act8,1,7300,14952448,2.231177806854248,2.382454478740692
R2_act8,1,7400,15157248,2.4346888065338135,2.3779286980628966
R2_act8,1,7500,15362048,2.4528937339782715,2.372662436962128
R2_act8,1,7600,15566848,2.2463748455047607,2.3541221380233766
R2_act8,1,7700,15771648,2.1803393363952637,2.357206344604492
R2_act8,1,7800,15976448,2.133352518081665,2.352449917793274
R2_act8,1,7900,16181248,2.540142059326172,2.349854922294617
R2_act8,1,8000,16386048,2.267561674118042,2.3504175424575804
R2_act8,1,8100,16590848,2.184049367904663,2.338976061344147
R2_act8,1,8200,16795648,2.297229528427124,2.3310593485832216
R2_act8,1,8300,17000448,2.1204817295074463,2.3261218905448913
R2_act8,1,8400,17205248,2.30293607711792,2.3208031058311462
R2_act8,1,8500,17410048,2.1093146800994873,2.321459972858429
R2_act8,1,8600,17614848,2.2162182331085205,2.317855703830719
R2_act8,1,8700,17819648,2.185598850250244,2.320977818965912
R2_act8,1,8800,18024448,2.1385910511016846,2.3146221041679382
R2_act8,1,8900,18229248,2.3771443367004395,2.3131651163101195
R2_act8,1,9000,18434048,2.362037420272827,2.3016127228736876
R2_act8,1,9100,18638848,2.326404094696045,2.2962148666381834
R2_act8,1,9200,18843648,2.3101558685302734,2.2966510891914367
R2_act8,1,9300,19048448,2.1983273029327393,2.2938434362411497
R2_act8,1,9400,19253248,2.2759182453155518,2.2864553928375244
R2_act8,1,9500,19458048,2.1186320781707764,2.288975512981415
R2_act8,1,9600,19662848,2.201693058013916,2.284446394443512
R2_act8,1,9700,19867648,2.1393890380859375,2.284977412223816
R2_act8,1,9800,20072448,2.2477056980133057,2.2820823907852175
R2_act8,1,9900,20277248,2.1170294284820557,2.277378726005554
R2_act8,1,9999,20480000,2.3613624572753906,2.2819372534751894
R2_act8,2,0,2048,7.666780948638916,7.648546314239502
R2_act8,2,100,206848,5.210881233215332,4.905130362510681
R2_act8,2,200,411648,4.1763434410095215,4.217021369934082
R2_act8,2,300,616448,3.8665530681610107,4.005440747737884
R2_act8,2,400,821248,3.748886823654175,3.7959176301956177
R2_act8,2,500,1026048,3.572474718093872,3.661954951286316
R2_act8,2,600,1230848,3.6206440925598145,3.5311870217323302
R2_act8,2,700,1435648,3.3588016033172607,3.4710758924484253
R2_act8,2,800,1640448,3.384697914123535,3.380915951728821
R2_act8,2,900,1845248,3.2498748302459717,3.27551087141037
R2_act8,2,1000,2050048,3.222196102142334,3.2635262966156007
R2_act8,2,1100,2254848,3.039926052093506,3.192800211906433
R2_act8,2,1200,2459648,3.128079891204834,3.1526006698608398
R2_act8,2,1300,2664448,3.2829363346099854,3.136108410358429
R2_act8,2,1400,2869248,2.900390148162842,3.0872681617736815
R2_act8,2,1500,3074048,2.9856674671173096,3.0346275806427
R2_act8,2,1600,3278848,2.935049295425415,3.0016090989112856
R2_act8,2,1700,3483648,2.943615436553955,2.9714234828948975
R2_act8,2,1800,3688448,3.057607650756836,2.9695897340774535
R2_act8,2,1900,3893248,2.62992787361145,2.9324193596839905
R2_act8,2,2000,4098048,3.033879518508911,2.899020195007324
R2_act8,2,2100,4302848,2.7742621898651123,2.8767954826354982
R2_act8,2,2200,4507648,2.8548009395599365,2.8632407188415527
R2_act8,2,2300,4712448,3.170093059539795,2.859055423736572
R2_act8,2,2400,4917248,2.8721089363098145,2.83974689245224
R2_act8,2,2500,5122048,2.883265495300293,2.8238757729530333
R2_act8,2,2600,5326848,2.7689902782440186,2.798806142807007
R2_act8,2,2700,5531648,2.798156499862671,2.78142431974411
R2_act8,2,2800,5736448,2.813049793243408,2.76668666601181
R2_act8,2,2900,5941248,2.8161206245422363,2.7626692056655884
R2_act8,2,3000,6146048,2.76247501373291,2.749970495700836
R2_act8,2,3100,6350848,2.852835178375244,2.750588893890381
R2_act8,2,3200,6555648,2.6540849208831787,2.739575970172882
R2_act8,2,3300,6760448,2.794548988342285,2.710356092453003
R2_act8,2,3400,6965248,2.905334234237671,2.6932010650634766
R2_act8,2,3500,7170048,2.51560378074646,2.694022476673126
R2_act8,2,3600,7374848,2.476078987121582,2.6929183840751647
R2_act8,2,3700,7579648,2.6640660762786865,2.6600446701049805
R2_act8,2,3800,7784448,2.5480048656463623,2.642542541027069
R2_act8,2,3900,7989248,2.5987744331359863,2.6529484391212463
R2_act8,2,4000,8194048,2.4943666458129883,2.6508021473884584
R2_act8,2,4100,8398848,2.6057372093200684,2.6212611556053163
R2_act8,2,4200,8603648,2.586026668548584,2.613737416267395
R2_act8,2,4300,8808448,2.689301013946533,2.607591986656189
R2_act8,2,4400,9013248,2.5707361698150635,2.6090941071510314
R2_act8,2,4500,9218048,2.5684609413146973,2.598666512966156
R2_act8,2,4600,9422848,2.4408352375030518,2.5772382736206056
R2_act8,2,4700,9627648,2.5427980422973633,2.5636993765830995
R2_act8,2,4800,9832448,2.3853306770324707,2.56462641954422
R2_act8,2,4900,10037248,2.647719621658325,2.5561779022216795
R2_act8,2,5000,10242048,2.480170488357544,2.555934464931488
R2_act8,2,5100,10446848,2.5452773571014404,2.547512376308441
R2_act8,2,5200,10651648,2.5659401416778564,2.540104937553406
R2_act8,2,5300,10856448,2.55841326713562,2.533653175830841
R2_act8,2,5400,11061248,2.492487668991089,2.525203788280487
R2_act8,2,5500,11266048,2.529132127761841,2.499764931201935
R2_act8,2,5600,11470848,2.338573455810547,2.4930770635604858
R2_act8,2,5700,11675648,2.442556858062744,2.4871773958206176
R2_act8,2,5800,11880448,2.5382232666015625,2.480897235870361
R2_act8,2,5900,12085248,2.3898117542266846,2.4668363690376283
R2_act8,2,6000,12290048,2.6124768257141113,2.4699910163879393
R2_act8,2,6100,12494848,2.270732879638672,2.4675899386405944
R2_act8,2,6200,12699648,2.3392210006713867,2.4595240354537964
R2_act8,2,6300,12904448,2.650938034057617,2.4359019994735718
R2_act8,2,6400,13109248,2.3466849327087402,2.4304241299629212
R2_act8,2,6500,13314048,2.5260610580444336,2.433539056777954
R2_act8,2,6600,13518848,2.561203956604004,2.4329432010650636
R2_act8,2,6700,13723648,2.398799419403076,2.422275984287262
R2_act8,2,6800,13928448,2.3167059421539307,2.4125301837921143
R2_act8,2,6900,14133248,2.362473726272583,2.4140034317970276
R2_act8,2,7000,14338048,2.5939815044403076,2.4061862230300903
R2_act8,2,7100,14542848,2.280667543411255,2.4035083055496216
R2_act8,2,7200,14747648,2.279153347015381,2.3837435841560364
R2_act8,2,7300,14952448,2.1980316638946533,2.376945662498474
R2_act8,2,7400,15157248,2.411755084991455,2.371457052230835
R2_act8,2,7500,15362048,2.404310941696167,2.3728893280029295
R2_act8,2,7600,15566848,2.2545077800750732,2.3587583541870116
R2_act8,2,7700,15771648,2.175935983657837,2.354497563838959
R2_act8,2,7800,15976448,2.1363627910614014,2.3583763957023622
R2_act8,2,7900,16181248,2.5275163650512695,2.3477858304977417
R2_act8,2,8000,16386048,2.2678792476654053,2.3454259276390075
R2_act8,2,8100,16590848,2.173172950744629,2.343306803703308
R2_act8,2,8200,16795648,2.3137757778167725,2.3375837087631224
R2_act8,2,8300,17000448,2.094362258911133,2.3351382851600646
R2_act8,2,8400,17205248,2.3112685680389404,2.327211821079254
R2_act8,2,8500,17410048,2.1219100952148438,2.3276888012886046
R2_act8,2,8600,17614848,2.222231149673462,2.3262544751167296
R2_act8,2,8700,17819648,2.169809579849243,2.3187747836112975
R2_act8,2,8800,18024448,2.1456072330474854,2.3166937947273256
R2_act8,2,8900,18229248,2.3528175354003906,2.311577391624451
R2_act8,2,9000,18434048,2.354550838470459,2.301716411113739
R2_act8,2,9100,18638848,2.3703479766845703,2.2979418873786925
R2_act8,2,9200,18843648,2.339712619781494,2.3004751205444336
R2_act8,2,9300,19048448,2.203565835952759,2.299691915512085
R2_act8,2,9400,19253248,2.28928542137146,2.296321249008179
R2_act8,2,9500,19458048,2.1205010414123535,2.292294108867645
R2_act8,2,9600,19662848,2.177049398422241,2.2951212406158445
R2_act8,2,9700,19867648,2.1490817070007324,2.2930888533592224
R2_act8,2,9800,20072448,2.244936943054199,2.2857482552528383
R2_act8,2,9900,20277248,2.1432809829711914,2.2852097749710083
R2_act8,2,9999,20480000,2.374354839324951,2.283891332149506
R2p5_pow2scales,0,0,2048,7.6891255378723145,7.6583113193511965
R2p5_pow2scales,0,100,206848,5.02503776550293,4.939650249481201
R2p5_pow2scales,0,200,411648,4.1435723304748535,4.175526893138885
R2p5_pow2scales,0,300,616448,3.8218300342559814,3.9420979857444762
R2p5_pow2scales,0,400,821248,3.744344711303711,3.7544556856155396
R2p5_pow2scales,0,500,1026048,3.5318989753723145,3.6787227034568786
R2p5_pow2scales,0,600,1230848,3.571227550506592,3.559184157848358
R2p5_pow2scales,0,700,1435648,3.37796688079834,3.4579326033592226
R2p5_pow2scales,0,800,1640448,3.4313533306121826,3.36434121131897
R2p5_pow2scales,0,900,1845248,3.2769954204559326,3.286328446865082
R2p5_pow2scales,0,1000,2050048,3.2472920417785645,3.2703357100486756
R2p5_pow2scales,0,1100,2254848,2.996591567993164,3.217173767089844
R2p5_pow2scales,0,1200,2459648,3.122715950012207,3.1770508885383606
R2p5_pow2scales,0,1300,2664448,3.3078744411468506,3.165205240249634
R2p5_pow2scales,0,1400,2869248,2.9159140586853027,3.094186234474182
R2p5_pow2scales,0,1500,3074048,2.999140977859497,3.0715442657470704
R2p5_pow2scales,0,1600,3278848,2.9956986904144287,3.0595522999763487
R2p5_pow2scales,0,1700,3483648,2.953528642654419,3.0096192359924316
R2p5_pow2scales,0,1800,3688448,3.0846898555755615,2.984697127342224
R2p5_pow2scales,0,1900,3893248,2.6539459228515625,2.9561512231826783
R2p5_pow2scales,0,2000,4098048,3.101911783218384,2.9455047845840454
R2p5_pow2scales,0,2100,4302848,2.831840991973877,2.9317241668701173
R2p5_pow2scales,0,2200,4507648,2.945208787918091,2.89736807346344
R2p5_pow2scales,0,2300,4712448,3.151458263397217,2.872923934459686
R2p5_pow2scales,0,2400,4917248,2.899977445602417,2.863468825817108
R2p5_pow2scales,0,2500,5122048,2.903308629989624,2.847333014011383
R2p5_pow2scales,0,2600,5326848,2.781576633453369,2.820493984222412
R2p5_pow2scales,0,2700,5531648,2.8306636810302734,2.7918015241622927
R2p5_pow2scales,0,2800,5736448,2.8064022064208984,2.771802520751953
R2p5_pow2scales,0,2900,5941248,2.792057752609253,2.765984332561493
R2p5_pow2scales,0,3000,6146048,2.74196195602417,2.7620961666107178
R2p5_pow2scales,0,3100,6350848,2.826676607131958,2.74059522151947
R2p5_pow2scales,0,3200,6555648,2.651569128036499,2.716118276119232
R2p5_pow2scales,0,3300,6760448,2.817965269088745,2.700380527973175
R2p5_pow2scales,0,3400,6965248,2.897404432296753,2.684950053691864
R2p5_pow2scales,0,3500,7170048,2.517122983932495,2.689194142818451
R2p5_pow2scales,0,3600,7374848,2.4470667839050293,2.666453719139099
R2p5_pow2scales,0,3700,7579648,2.6646695137023926,2.662878394126892
R2p5_pow2scales,0,3800,7784448,2.5303378105163574,2.634613740444183
R2p5_pow2scales,0,3900,7989248,2.610517740249634,2.62523068189621
R2p5_pow2scales,0,4000,8194048,2.504584789276123,2.61981338262558
R2p5_pow2scales,0,4100,8398848,2.559149980545044,2.59789457321167
R2p5_pow2scales,0,4200,8603648,2.5349109172821045,2.5969285011291503
R2p5_pow2scales,0,4300,8808448,2.6699376106262207,2.610894703865051
R2p5_pow2scales,0,4400,9013248,2.55450439453125,2.581888496875763
R2p5_pow2scales,0,4500,9218048,2.5496816635131836,2.5703780889511108
R2p5_pow2scales,0,4600,9422848,2.4276885986328125,2.5648847937583925
R2p5_pow2scales,0,4700,9627648,2.4712724685668945,2.541651487350464
R2p5_pow2scales,0,4800,9832448,2.361466646194458,2.5417171001434324
R2p5_pow2scales,0,4900,10037248,2.61574125289917,2.54063720703125
R2p5_pow2scales,0,5000,10242048,2.4641902446746826,2.5260339856147764
R2p5_pow2scales,0,5100,10446848,2.5057969093322754,2.5208221673965454
R2p5_pow2scales,0,5200,10651648,2.5237314701080322,2.5023780703544616
R2p5_pow2scales,0,5300,10856448,2.5172441005706787,2.495410215854645
R2p5_pow2scales,0,5400,11061248,2.4377264976501465,2.4903988361358644
R2p5_pow2scales,0,5500,11266048,2.4764034748077393,2.465069830417633
R2p5_pow2scales,0,5600,11470848,2.27772855758667,2.4669936060905457
R2p5_pow2scales,0,5700,11675648,2.387267827987671,2.4544609427452087
R2p5_pow2scales,0,5800,11880448,2.475025177001953,2.448429489135742
R2p5_pow2scales,0,5900,12085248,2.320375442504883,2.438475823402405
R2p5_pow2scales,0,6000,12290048,2.5427942276000977,2.425191378593445
R2p5_pow2scales,0,6100,12494848,2.202751874923706,2.4388166427612306
R2p5_pow2scales,0,6200,12699648,2.317669153213501,2.4174056529998778
R2p5_pow2scales,0,6300,12904448,2.586343288421631,2.4028395891189573
R2p5_pow2scales,0,6400,13109248,2.303499221801758,2.3819080352783204
R2p5_pow2scales,0,6500,13314048,2.4956204891204834,2.3844268560409545
R2p5_pow2scales,0,6600,13518848,2.511444568634033,2.38569153547287
R2p5_pow2scales,0,6700,13723648,2.314657688140869,2.368783688545227
R2p5_pow2scales,0,6800,13928448,2.2751288414001465,2.3664406061172487
R2p5_pow2scales,0,6900,14133248,2.3375794887542725,2.3557199954986574
R2p5_pow2scales,0,7000,14338048,2.548466682434082,2.346304988861084
R2p5_pow2scales,0,7100,14542848,2.262819528579712,2.34743527173996
R2p5_pow2scales,0,7200,14747648,2.205573797225952,2.32078994512558
R2p5_pow2scales,0,7300,14952448,2.1347222328186035,2.322416388988495
R2p5_pow2scales,0,7400,15157248,2.3494019508361816,2.3172475814819338
R2p5_pow2scales,0,7500,15362048,2.3619465827941895,2.3162641644477846
R2p5_pow2scales,0,7600,15566848,2.177096128463745,2.2945674777030947
R2p5_pow2scales,0,7700,15771648,2.1128625869750977,2.3039299845695496
R2p5_pow2scales,0,7800,15976448,2.073509931564331,2.294589364528656
R2p5_pow2scales,0,7900,16181248,2.471096992492676,2.2872362613677977
R2p5_pow2scales,0,8000,16386048,2.190709352493286,2.280104637145996
R2p5_pow2scales,0,8100,16590848,2.086820363998413,2.2708810806274413
R2p5_pow2scales,0,8200,16795648,2.246643304824829,2.2630332112312317
R2p5_pow2scales,0,8300,17000448,2.060424566268921,2.26546505689621
R2p5_pow2scales,0,8400,17205248,2.221418857574463,2.26851806640625
R2p5_pow2scales,0,8500,17410048,2.0381405353546143,2.2549739241600038
R2p5_pow2scales,0,8600,17614848,2.151344060897827,2.250407898426056
R2p5_pow2scales,0,8700,17819648,2.118541717529297,2.2521242022514345
R2p5_pow2scales,0,8800,18024448,2.0647530555725098,2.272930419445038
R2p5_pow2scales,0,8900,18229248,2.331963539123535,2.2652121424674987
R2p5_pow2scales,0,9000,18434048,2.276106834411621,2.2523832440376284
R2p5_pow2scales,0,9100,18638848,2.2839457988739014,2.249913203716278
R2p5_pow2scales,0,9200,18843648,2.265270948410034,2.243037521839142
R2p5_pow2scales,0,9300,19048448,2.1363401412963867,2.2366602063179015
R2p5_pow2scales,0,9400,19253248,2.218559503555298,2.2327672481536864
R2p5_pow2scales,0,9500,19458048,2.032869338989258,2.231264364719391
R2p5_pow2scales,0,9600,19662848,2.1284422874450684,2.2316322922706604
R2p5_pow2scales,0,9700,19867648,2.091376781463623,2.2351481676101685
R2p5_pow2scales,0,9800,20072448,2.1786975860595703,2.2231445968151093
R2p5_pow2scales,0,9900,20277248,2.0565848350524902,2.2207925081253053
R2p5_pow2scales,0,9999,20480000,2.2913966178894043,2.221622443199158
