distribution,spec,kind,bits,granularity,scale_mode,nrmse
gaussian,int8|tensor|float|nearest|absmax|ste=identity,int,8,tensor,float,0.010587
gaussian,int8|tensor|pow2/ceil|nearest|absmax|ste=identity,int,8,tensor,pow2/ceil,0.018013
gaussian,int8|tensor|pow2/round|nearest|absmax|ste=identity,int,8,tensor,pow2/round,0.009385
gaussian,int8|tensor|dyadic/m2|nearest|absmax|ste=identity,int,8,tensor,dyadic/m2,0.011264
gaussian,int8|tensor|dyadic/m4|nearest|absmax|ste=identity,int,8,tensor,dyadic/m4,0.010719
gaussian,int8|row|float|nearest|absmax|ste=identity,int,8,row,float,0.007879
gaussian,int8|row|pow2/ceil|nearest|absmax|ste=identity,int,8,row,pow2/ceil,0.009888
gaussian,int8|row|pow2/round|nearest|absmax|ste=identity,int,8,row,pow2/round,0.009385
gaussian,int8|row|dyadic/m2|nearest|absmax|ste=identity,int,8,row,dyadic/m2,0.008724
gaussian,int8|row|dyadic/m4|nearest|absmax|ste=identity,int,8,row,dyadic/m4,0.007941
gaussian,int8|block64|float|nearest|absmax|ste=identity,int,8,block64,float,0.005939
gaussian,int8|block64|pow2/ceil|nearest|absmax|ste=identity,int,8,block64,pow2/ceil,0.008931
gaussian,int8|block64|pow2/round|nearest|absmax|ste=identity,int,8,block64,pow2/round,0.062764
gaussian,int8|block64|dyadic/m2|nearest|absmax|ste=identity,int,8,block64,dyadic/m2,0.015137
gaussian,int8|block64|dyadic/m4|nearest|absmax|ste=identity,int,8,block64,dyadic/m4,0.006771
gaussian,int7|tensor|float|nearest|absmax|ste=identity,int,7,tensor,float,0.021358
gaussian,int7|tensor|pow2/ceil|nearest|absmax|ste=identity,int,7,tensor,pow2/ceil,0.036119
gaussian,int7|tensor|pow2/round|nearest|absmax|ste=identity,int,7,tensor,pow2/round,0.018221
gaussian,int7|tensor|dyadic/m2|nearest|absmax|ste=identity,int,7,tensor,dyadic/m2,0.022555
gaussian,int7|tensor|dyadic/m4|nearest|absmax|ste=identity,int,7,tensor,dyadic/m4,0.02144
gaussian,int7|row|float|nearest|absmax|ste=identity,int,7,row,float,0.015927
gaussian,int7|row|pow2/ceil|nearest|absmax|ste=identity,int,7,row,pow2/ceil,0.019731
gaussian,int7|row|pow2/round|nearest|absmax|ste=identity,int,7,row,pow2/round,0.018221
gaussian,int7|row|dyadic/m2|nearest|absmax|ste=identity,int,7,row,dyadic/m2,0.016358
gaussian,int7|row|dyadic/m4|nearest|absmax|ste=identity,int,7,row,dyadic/m4,0.015944
gaussian,int7|block64|float|nearest|absmax|ste=identity,int,7,block64,float,0.011976
gaussian,int7|block64|pow2/ceil|nearest|absmax|ste=identity,int,7,block64,pow2/ceil,0.017846
gaussian,int7|block64|pow2/round|nearest|absmax|ste=identity,int,7,block64,pow2/round,0.063808
gaussian,int7|block64|dyadic/m2|nearest|absmax|ste=identity,int,7,block64,dyadic/m2,0.018344
gaussian,int7|block64|dyadic/m4|nearest|absmax|ste=identity,int,7,block64,dyadic/m4,0.012443
gaussian,int6|tensor|float|nearest|absmax|ste=identity,int,6,tensor,float,0.043336
gaussian,int6|tensor|pow2/ceil|nearest|absmax|ste=identity,int,6,tensor,pow2/ceil,0.07221
gaussian,int6|tensor|pow2/round|nearest|absmax|ste=identity,int,6,tensor,pow2/round,0.036258
gaussian,int6|tensor|dyadic/m2|nearest|absmax|ste=identity,int,6,tensor,dyadic/m2,0.045
gaussian,int6|tensor|dyadic/m4|nearest|absmax|ste=identity,int,6,tensor,dyadic/m4,0.042804
gaussian,int6|row|float|nearest|absmax|ste=identity,int,6,row,float,0.032311
gaussian,int6|row|pow2/ceil|nearest|absmax|ste=identity,int,6,row,pow2/ceil,0.040333
gaussian,int6|row|pow2/round|nearest|absmax|ste=identity,int,6,row,pow2/round,0.036258
gaussian,int6|row|dyadic/m2|nearest|absmax|ste=identity,int,6,row,dyadic/m2,0.032493
gaussian,int6|row|dyadic/m4|nearest|absmax|ste=identity,int,6,row,dyadic/m4,0.032351
gaussian,int6|block64|float|nearest|absmax|ste=identity,int,6,block64,float,0.024271
gaussian,int6|block64|pow2/ceil|nearest|absmax|ste=identity,int,6,block64,pow2/ceil,0.035964
gaussian,int6|block64|pow2/round|nearest|absmax|ste=identity,int,6,block64,pow2/round,0.067427
gaussian,int6|block64|dyadic/m2|nearest|absmax|ste=identity,int,6,block64,dyadic/m2,0.027902
gaussian,int6|block64|dyadic/m4|nearest|absmax|ste=identity,int,6,block64,dyadic/m4,0.02462
gaussian,int5|tensor|float|nearest|absmax|ste=identity,int,5,tensor,float,0.089625
gaussian,int5|tensor|pow2/ceil|nearest|absmax|ste=identity,int,5,tensor,pow2/ceil,0.144189
gaussian,int5|tensor|pow2/round|nearest|absmax|ste=identity,int,5,tensor,pow2/round,0.072326
gaussian,int5|tensor|dyadic/m2|nearest|absmax|ste=identity,int,5,tensor,dyadic/m2,0.090193
gaussian,int5|tensor|dyadic/m4|nearest|absmax|ste=identity,int,5,tensor,dyadic/m4,0.090193
gaussian,int5|row|float|nearest|absmax|ste=identity,int,5,row,float,0.066847
gaussian,int5|row|pow2/ceil|nearest|absmax|ste=identity,int,5,row,pow2/ceil,0.087332
gaussian,int5|row|pow2/round|nearest|absmax|ste=identity,int,5,row,pow2/round,0.072326
gaussian,int5|row|dyadic/m2|nearest|absmax|ste=identity,int,5,row,dyadic/m2,0.066883
gaussian,int5|row|dyadic/m4|nearest|absmax|ste=identity,int,5,row,dyadic/m4,0.066847
gaussian,int5|block64|float|nearest|absmax|ste=identity,int,5,block64,float,0.050255
gaussian,int5|block64|pow2/ceil|nearest|absmax|ste=identity,int,5,block64,pow2/ceil,0.072836
gaussian,int5|block64|pow2/round|nearest|absmax|ste=identity,int,5,block64,pow2/round,0.081432
gaussian,int5|block64|dyadic/m2|nearest|absmax|ste=identity,int,5,block64,dyadic/m2,0.052126
gaussian,int5|block64|dyadic/m4|nearest|absmax|ste=identity,int,5,block64,dyadic/m4,0.050439
gaussian,int4|tensor|float|nearest|absmax|ste=identity,int,4,tensor,float,0.191971
gaussian,int4|tensor|pow2/ceil|nearest|absmax|ste=identity,int,4,tensor,pow2/ceil,0.288216
gaussian,int4|tensor|pow2/round|nearest|absmax|ste=identity,int,4,tensor,pow2/round,0.144338
gaussian,int4|tensor|dyadic/m2|nearest|absmax|ste=identity,int,4,tensor,dyadic/m2,0.180206
gaussian,int4|tensor|dyadic/m4|nearest|absmax|ste=identity,int,4,tensor,dyadic/m4,0.189276
gaussian,int4|row|float|nearest|absmax|ste=identity,int,4,row,float,0.143066
gaussian,int4|row|pow2/ceil|nearest|absmax|ste=identity,int,4,row,pow2/ceil,0.21537
gaussian,int4|row|pow2/round|nearest|absmax|ste=identity,int,4,row,pow2/round,0.144338
gaussian,int4|row|dyadic/m2|nearest|absmax|ste=identity,int,4,row,dyadic/m2,0.14186
gaussian,int4|row|dyadic/m4|nearest|absmax|ste=identity,int,4,row,dyadic/m4,0.143069
gaussian,int4|block64|float|nearest|absmax|ste=identity,int,4,block64,float,0.107721
gaussian,int4|block64|pow2/ceil|nearest|absmax|ste=identity,int,4,block64,pow2/ceil,0.150661
gaussian,int4|block64|pow2/round|nearest|absmax|ste=identity,int,4,block64,pow2/round,0.131376
gaussian,int4|block64|dyadic/m2|nearest|absmax|ste=identity,int,4,block64,dyadic/m2,0.108885
gaussian,int4|block64|dyadic/m4|nearest|absmax|ste=identity,int,4,block64,dyadic/m4,0.10782
gaussian,int3|tensor|float|nearest|absmax|ste=identity,int,3,tensor,float,0.44796
gaussian,int3|tensor|pow2/ceil|nearest|absmax|ste=identity,int,3,tensor,pow2/ceil,0.574804
gaussian,int3|tensor|pow2/round|nearest|absmax|ste=identity,int,3,tensor,pow2/round,0.574804
gaussian,int3|tensor|dyadic/m2|nearest|absmax|ste=identity,int,3,tensor,dyadic/m2,0.432757
gaussian,int3|tensor|dyadic/m4|nearest|absmax|ste=identity,int,3,tensor,dyadic/m4,0.45077
gaussian,int3|row|float|nearest|absmax|ste=identity,int,3,row,float,0.334057
gaussian,int3|row|pow2/ceil|nearest|absmax|ste=identity,int,3,row,pow2/ceil,0.562054
gaussian,int3|row|pow2/round|nearest|absmax|ste=identity,int,3,row,pow2/round,0.299936
gaussian,int3|row|dyadic/m2|nearest|absmax|ste=identity,int,3,row,dyadic/m2,0.334692
gaussian,int3|row|dyadic/m4|nearest|absmax|ste=identity,int,3,row,dyadic/m4,0.3344
gaussian,int3|block64|float|nearest|absmax|ste=identity,int,3,block64,float,0.251313
gaussian,int3|block64|pow2/ceil|nearest|absmax|ste=identity,int,3,block64,pow2/ceil,0.353606
gaussian,int3|block64|pow2/round|nearest|absmax|ste=identity,int,3,block64,pow2/round,0.278296
gaussian,int3|block64|dyadic/m2|nearest|absmax|ste=identity,int,3,block64,dyadic/m2,0.251338
gaussian,int3|block64|dyadic/m4|nearest|absmax|ste=identity,int,3,block64,dyadic/m4,0.251374
gaussian,int2|tensor|float|nearest|absmax|ste=identity,int,2,tensor,float,0.967309
gaussian,int2|tensor|pow2/ceil|nearest|absmax|ste=identity,int,2,tensor,pow2/ceil,0.999882
gaussian,int2|tensor|pow2/round|nearest|absmax|ste=identity,int,2,tensor,pow2/round,0.928861
gaussian,int2|tensor|dyadic/m2|nearest|absmax|ste=identity,int,2,tensor,dyadic/m2,0.978947
gaussian,int2|tensor|dyadic/m4|nearest|absmax|ste=identity,int,2,tensor,dyadic/m4,0.970894
gaussian,int2|row|float|nearest|absmax|ste=identity,int,2,row,float,0.869355
gaussian,int2|row|pow2/ceil|nearest|absmax|ste=identity,int,2,row,pow2/ceil,0.934386
gaussian,int2|row|pow2/round|nearest|absmax|ste=identity,int,2,row,pow2/round,0.928861
gaussian,int2|row|dyadic/m2|nearest|absmax|ste=identity,int,2,row,dyadic/m2,0.868881
gaussian,int2|row|dyadic/m4|nearest|absmax|ste=identity,int,2,row,dyadic/m4,0.869426
gaussian,int2|block64|float|nearest|absmax|ste=identity,int,2,block64,float,0.717768
gaussian,int2|block64|pow2/ceil|nearest|absmax|ste=identity,int,2,block64,pow2/ceil,0.917936
gaussian,int2|block64|pow2/round|nearest|absmax|ste=identity,int,2,block64,pow2/round,0.685736
gaussian,int2|block64|dyadic/m2|nearest|absmax|ste=identity,int,2,block64,dyadic/m2,0.716799
gaussian,int2|block64|dyadic/m4|nearest|absmax|ste=identity,int,2,block64,dyadic/m4,0.71764
gaussian,ternary|tensor|float|nearest|absmean|ste=identity,ternary,1.58,tensor,float,0.513792
gaussian,ternary|tensor|pow2/ceil|nearest|absmean|ste=identity,ternary,1.58,tensor,pow2/ceil,0.457489
gaussian,ternary|row|float|nearest|absmean|ste=identity,ternary,1.58,row,float,0.51355
gaussian,ternary|row|pow2/ceil|nearest|absmean|ste=identity,ternary,1.58,row,pow2/ceil,0.457489
gaussian,ternary|block64|float|nearest|absmean|ste=identity,ternary,1.58,block64,float,0.509197
gaussian,ternary|block64|pow2/ceil|nearest|absmean|ste=identity,ternary,1.58,block64,pow2/ceil,0.457419
outlier_channels,int8|tensor|float|nearest|absmax|ste=identity,int,8,tensor,float,0.113779
outlier_channels,int8|tensor|pow2/ceil|nearest|absmax|ste=identity,int,8,tensor,pow2/ceil,0.20602
outlier_channels,int8|tensor|pow2/round|nearest|absmax|ste=identity,int,8,tensor,pow2/round,0.103685
outlier_channels,int8|tensor|dyadic/m2|nearest|absmax|ste=identity,int,8,tensor,dyadic/m2,0.103685
outlier_channels,int8|tensor|dyadic/m4|nearest|absmax|ste=identity,int,8,tensor,dyadic/m4,0.116373
outlier_channels,int8|row|float|nearest|absmax|ste=identity,int,8,row,float,0.044981
outlier_channels,int8|row|pow2/ceil|nearest|absmax|ste=identity,int,8,row,pow2/ceil,0.068194
outlier_channels,int8|row|pow2/round|nearest|absmax|ste=identity,int,8,row,pow2/round,0.091233
outlier_channels,int8|row|dyadic/m2|nearest|absmax|ste=identity,int,8,row,dyadic/m2,0.05274
outlier_channels,int8|row|dyadic/m4|nearest|absmax|ste=identity,int,8,row,dyadic/m4,0.045469
outlier_channels,int8|block64|float|nearest|absmax|ste=identity,int,8,block64,float,0.016511
outlier_channels,int8|block64|pow2/ceil|nearest|absmax|ste=identity,int,8,block64,pow2/ceil,0.024833
outlier_channels,int8|block64|pow2/round|nearest|absmax|ste=identity,int,8,block64,pow2/round,0.113433
outlier_channels,int8|block64|dyadic/m2|nearest|absmax|ste=identity,int,8,block64,dyadic/m2,0.040862
outlier_channels,int8|block64|dyadic/m4|nearest|absmax|ste=identity,int,8,block64,dyadic/m4,0.018832
outlier_channels,int7|tensor|float|nearest|absmax|ste=identity,int,7,tensor,float,0.226964
outlier_channels,int7|tensor|pow2/ceil|nearest|absmax|ste=identity,int,7,tensor,pow2/ceil,0.333703
outlier_channels,int7|tensor|pow2/round|nearest|absmax|ste=identity,int,7,tensor,pow2/round,0.206245
outlier_channels,int7|tensor|dyadic/m2|nearest|absmax|ste=identity,int,7,tensor,dyadic/m2,0.206245
outlier_channels,int7|tensor|dyadic/m4|nearest|absmax|ste=identity,int,7,tensor,dyadic/m4,0.229901
outlier_channels,int7|row|float|nearest|absmax|ste=identity,int,7,row,float,0.090557
outlier_channels,int7|row|pow2/ceil|nearest|absmax|ste=identity,int,7,row,pow2/ceil,0.135736
outlier_channels,int7|row|pow2/round|nearest|absmax|ste=identity,int,7,row,pow2/round,0.122713
outlier_channels,int7|row|dyadic/m2|nearest|absmax|ste=identity,int,7,row,dyadic/m2,0.094032
outlier_channels,int7|row|dyadic/m4|nearest|absmax|ste=identity,int,7,row,dyadic/m4,0.090968
outlier_channels,int7|block64|float|nearest|absmax|ste=identity,int,7,block64,float,0.033324
outlier_channels,int7|block64|pow2/ceil|nearest|absmax|ste=identity,int,7,block64,pow2/ceil,0.049618
outlier_channels,int7|block64|pow2/round|nearest|absmax|ste=identity,int,7,block64,pow2/round,0.117381
outlier_channels,int7|block64|dyadic/m2|nearest|absmax|ste=identity,int,7,block64,dyadic/m2,0.050354
outlier_channels,int7|block64|dyadic/m4|nearest|absmax|ste=identity,int,7,block64,dyadic/m4,0.034486
outlier_channels,int6|tensor|float|nearest|absmax|ste=identity,int,6,tensor,float,0.345536
outlier_channels,int6|tensor|pow2/ceil|nearest|absmax|ste=identity,int,6,tensor,pow2/ceil,0.364326
outlier_channels,int6|tensor|pow2/round|nearest|absmax|ste=identity,int,6,tensor,pow2/round,0.333885
outlier_channels,int6|tensor|dyadic/m2|nearest|absmax|ste=identity,int,6,tensor,dyadic/m2,0.352505
outlier_channels,int6|tensor|dyadic/m4|nearest|absmax|ste=identity,int,6,tensor,dyadic/m4,0.345395
outlier_channels,int6|row|float|nearest|absmax|ste=identity,int,6,row,float,0.180617
outlier_channels,int6|row|pow2/ceil|nearest|absmax|ste=identity,int,6,row,pow2/ceil,0.244451
outlier_channels,int6|row|pow2/round|nearest|absmax|ste=identity,int,6,row,pow2/round,0.201444
outlier_channels,int6|row|dyadic/m2|nearest|absmax|ste=identity,int,6,row,dyadic/m2,0.18133
outlier_channels,int6|row|dyadic/m4|nearest|absmax|ste=identity,int,6,row,dyadic/m4,0.180484
outlier_channels,int6|block64|float|nearest|absmax|ste=identity,int,6,block64,float,0.067339
outlier_channels,int6|block64|pow2/ceil|nearest|absmax|ste=identity,int,6,block64,pow2/ceil,0.095162
outlier_channels,int6|block64|pow2/round|nearest|absmax|ste=identity,int,6,block64,pow2/round,0.133695
outlier_channels,int6|block64|dyadic/m2|nearest|absmax|ste=identity,int,6,block64,dyadic/m2,0.076156
outlier_channels,int6|block64|dyadic/m4|nearest|absmax|ste=identity,int,6,block64,dyadic/m4,0.068167
outlier_channels,int5|tensor|float|nearest|absmax|ste=identity,int,5,tensor,float,0.367123
outlier_channels,int5|tensor|pow2/ceil|nearest|absmax|ste=identity,int,5,tensor,pow2/ceil,0.385414
outlier_channels,int5|tensor|pow2/round|nearest|absmax|ste=identity,int,5,tensor,pow2/round,0.364578
outlier_channels,int5|tensor|dyadic/m2|nearest|absmax|ste=identity,int,5,tensor,dyadic/m2,0.368473
outlier_channels,int5|tensor|dyadic/m4|nearest|absmax|ste=identity,int,5,tensor,dyadic/m4,0.367519
outlier_channels,int5|row|float|nearest|absmax|ste=identity,int,5,row,float,0.303362
outlier_channels,int5|row|pow2/ceil|nearest|absmax|ste=identity,int,5,row,pow2/ceil,0.33952
outlier_channels,int5|row|pow2/round|nearest|absmax|ste=identity,int,5,row,pow2/round,0.31488
outlier_channels,int5|row|dyadic/m2|nearest|absmax|ste=identity,int,5,row,dyadic/m2,0.303231
outlier_channels,int5|row|dyadic/m4|nearest|absmax|ste=identity,int,5,row,dyadic/m4,0.303435
outlier_channels,int5|block64|float|nearest|absmax|ste=identity,int,5,block64,float,0.12413
outlier_channels,int5|block64|pow2/ceil|nearest|absmax|ste=identity,int,5,block64,pow2/ceil,0.155816
outlier_channels,int5|block64|pow2/round|nearest|absmax|ste=identity,int,5,block64,pow2/round,0.17066
outlier_channels,int5|block64|dyadic/m2|nearest|absmax|ste=identity,int,5,block64,dyadic/m2,0.129659
outlier_channels,int5|block64|dyadic/m4|nearest|absmax|ste=identity,int,5,block64,dyadic/m4,0.124746
outlier_channels,int4|tensor|float|nearest|absmax|ste=identity,int,4,tensor,float,0.400535
outlier_channels,int4|tensor|pow2/ceil|nearest|absmax|ste=identity,int,4,tensor,pow2/ceil,0.459679
outlier_channels,int4|tensor|pow2/round|nearest|absmax|ste=identity,int,4,tensor,pow2/round,0.385892
outlier_channels,int4|tensor|dyadic/m2|nearest|absmax|ste=identity,int,4,tensor,dyadic/m2,0.400684
outlier_channels,int4|tensor|dyadic/m4|nearest|absmax|ste=identity,int,4,tensor,dyadic/m4,0.400684
outlier_channels,int4|row|float|nearest|absmax|ste=identity,int,4,row,float,0.360888
outlier_channels,int4|row|pow2/ceil|nearest|absmax|ste=identity,int,4,row,pow2/ceil,0.372338
outlier_channels,int4|row|pow2/round|nearest|absmax|ste=identity,int,4,row,pow2/round,0.36886
outlier_channels,int4|row|dyadic/m2|nearest|absmax|ste=identity,int,4,row,dyadic/m2,0.36215
outlier_channels,int4|row|dyadic/m4|nearest|absmax|ste=identity,int,4,row,dyadic/m4,0.360931
outlier_channels,int4|block64|float|nearest|absmax|ste=identity,int,4,block64,float,0.182383
outlier_channels,int4|block64|pow2/ceil|nearest|absmax|ste=identity,int,4,block64,pow2/ceil,0.207968
outlier_channels,int4|block64|pow2/round|nearest|absmax|ste=identity,int,4,block64,pow2/round,0.218694
outlier_channels,int4|block64|dyadic/m2|nearest|absmax|ste=identity,int,4,block64,dyadic/m2,0.187937
outlier_channels,int4|block64|dyadic/m4|nearest|absmax|ste=identity,int,4,block64,dyadic/m4,0.182737
outlier_channels,int3|tensor|float|nearest|absmax|ste=identity,int,3,tensor,float,0.556469
outlier_channels,int3|tensor|pow2/ceil|nearest|absmax|ste=identity,int,3,tensor,pow2/ceil,0.684086
outlier_channels,int3|tensor|pow2/round|nearest|absmax|ste=identity,int,3,tensor,pow2/round,0.684086
outlier_channels,int3|tensor|dyadic/m2|nearest|absmax|ste=identity,int,3,tensor,dyadic/m2,0.566681
outlier_channels,int3|tensor|dyadic/m4|nearest|absmax|ste=identity,int,3,tensor,dyadic/m4,0.55221
outlier_channels,int3|row|float|nearest|absmax|ste=identity,int,3,row,float,0.388907
outlier_channels,int3|row|pow2/ceil|nearest|absmax|ste=identity,int,3,row,pow2/ceil,0.434938
outlier_channels,int3|row|pow2/round|nearest|absmax|ste=identity,int,3,row,pow2/round,0.406313
outlier_channels,int3|row|dyadic/m2|nearest|absmax|ste=identity,int,3,row,dyadic/m2,0.390807
outlier_channels,int3|row|dyadic/m4|nearest|absmax|ste=identity,int,3,row,dyadic/m4,0.38896
outlier_channels,int3|block64|float|nearest|absmax|ste=identity,int,3,block64,float,0.225973
outlier_channels,int3|block64|pow2/ceil|nearest|absmax|ste=identity,int,3,block64,pow2/ceil,0.282141
outlier_channels,int3|block64|pow2/round|nearest|absmax|ste=identity,int,3,block64,pow2/round,0.268741
outlier_channels,int3|block64|dyadic/m2|nearest|absmax|ste=identity,int,3,block64,dyadic/m2,0.230849
outlier_channels,int3|block64|dyadic/m4|nearest|absmax|ste=identity,int,3,block64,dyadic/m4,0.226353
outlier_channels,int2|tensor|float|nearest|absmax|ste=identity,int,2,tensor,float,0.971013
outlier_channels,int2|tensor|pow2/ceil|nearest|absmax|ste=identity,int,2,tensor,pow2/ceil,0.998526
outlier_channels,int2|tensor|pow2/round|nearest|absmax|ste=identity,int,2,tensor,pow2/round,0.954497
outlier_channels,int2|tensor|dyadic/m2|nearest|absmax|ste=identity,int,2,tensor,dyadic/m2,0.954497
outlier_channels,int2|tensor|dyadic/m4|nearest|absmax|ste=identity,int,2,tensor,dyadic/m4,0.966579
outlier_channels,int2|row|float|nearest|absmax|ste=identity,int,2,row,float,0.582138
outlier_channels,int2|row|pow2/ceil|nearest|absmax|ste=identity,int,2,row,pow2/ceil,0.796916
outlier_channels,int2|row|pow2/round|nearest|absmax|ste=identity,int,2,row,pow2/round,0.608977
outlier_channels,int2|row|dyadic/m2|nearest|absmax|ste=identity,int,2,row,dyadic/m2,0.581377
outlier_channels,int2|row|dyadic/m4|nearest|absmax|ste=identity,int,2,row,dyadic/m4,0.581683
outlier_channels,int2|block64|float|nearest|absmax|ste=identity,int,2,block64,float,0.321588
outlier_channels,int2|block64|pow2/ceil|nearest|absmax|ste=identity,int,2,block64,pow2/ceil,0.622588
outlier_channels,int2|block64|pow2/round|nearest|absmax|ste=identity,int,2,block64,pow2/round,0.369691
outlier_channels,int2|block64|dyadic/m2|nearest|absmax|ste=identity,int,2,block64,dyadic/m2,0.324064
outlier_channels,int2|block64|dyadic/m4|nearest|absmax|ste=identity,int,2,block64,dyadic/m4,0.321792
outlier_channels,ternary|tensor|float|nearest|absmean|ste=identity,ternary,1.58,tensor,float,0.92462
outlier_channels,ternary|tensor|pow2/ceil|nearest|absmean|ste=identity,ternary,1.58,tensor,pow2/ceil,0.92367
outlier_channels,ternary|row|float|nearest|absmean|ste=identity,ternary,1.58,row,float,0.924379
outlier_channels,ternary|row|pow2/ceil|nearest|absmean|ste=identity,ternary,1.58,row,pow2/ceil,0.91729
outlier_channels,ternary|block64|float|nearest|absmean|ste=identity,ternary,1.58,block64,float,0.91476
outlier_channels,ternary|block64|pow2/ceil|nearest|absmean|ste=identity,ternary,1.58,block64,pow2/ceil,0.900037
