kappa,bits,mode,grad_bits,seed,lr,steps,delta,rel_gap,best_rel_gap,passed_gate,w_err_inf,err_in_grid_steps,frozen_frac_tail,freeze_law_violations,shadow_sat_frac_max,threads,seconds
10.0,fp32,-,,0,0.18181818181818182,3000,,3.186869640681969e-14,2.7466610632143813e-14,True,9.5367431640625e-07,,0.33738999999999997,,0.0,4,2.26
10.0,fp32,-,,1,0.18181818181818182,3000,,3.186869640681969e-14,2.7466610632143813e-14,True,9.5367431640625e-07,,0.33738999999999997,,0.0,4,2.45
10.0,fp32,-,,2,0.18181818181818182,3000,,3.186869640681969e-14,2.7466610632143813e-14,True,9.5367431640625e-07,,0.33738999999999997,,0.0,4,2.6
10.0,16,rtn,,0,0.18181818181818182,3000,0.00024414807580797754,6.5734620426221e-09,6.5734620426221e-09,True,0.00036662817001342773,1.5016631558537483,1.0,0,0.0,4,4.84
10.0,16,rtn,,1,0.18181818181818182,3000,0.00024414807580797754,6.5734620426221e-09,6.5734620426221e-09,True,0.00036662817001342773,1.5016631558537483,1.0,0,0.0,4,4.71
10.0,16,rtn,,2,0.18181818181818182,3000,0.00024414807580797754,6.5734620426221e-09,6.5734620426221e-09,True,0.00036662817001342773,1.5016631558537483,1.0,0,0.0,4,4.63
10.0,16,sr,,0,0.18181818181818182,3000,0.00024414807580797754,1.4940200435800166e-08,1.2915573608931166e-08,True,0.0003796219825744629,1.5548841878771782,0.6827550000000001,,0.0,4,5.01
10.0,16,sr,,1,0.18181818181818182,3000,0.00024414807580797754,1.587246699908546e-08,1.2197991833118983e-08,True,0.0003928281366825104,1.6089749443344772,0.67884,,0.0,4,8.96
10.0,16,sr,,2,0.18181818181818182,3000,0.00024414807580797754,1.5208817864679878e-08,1.2903484619113701e-08,True,0.00034536421298980713,1.4145686458796263,0.6791800000000001,,0.0,4,6.68
10.0,16,ef,,0,0.18181818181818182,3000,0.00024414807580797754,1.704980308363581e-08,1.4517194612749218e-08,True,0.000344887375831604,1.412615580484271,0.47448,,0.0,4,9.57
10.0,16,ef,,1,0.18181818181818182,3000,0.00024414807580797754,1.704980308363581e-08,1.4517194612749218e-08,True,0.000344887375831604,1.412615580484271,0.47448,,0.0,4,11.81
10.0,16,ef,,2,0.18181818181818182,3000,0.00024414807580797754,1.704980308363581e-08,1.4517194612749218e-08,True,0.000344887375831604,1.412615580484271,0.47448,,0.0,4,9.46
10.0,12,rtn,,0,0.18181818181818182,3000,0.0039081582804103565,1.816685831152968e-06,1.816685831152968e-06,True,0.0062420666217803955,1.5971887968480587,1.0,0,0.0,4,10.1
10.0,12,rtn,,1,0.18181818181818182,3000,0.0039081582804103565,1.816685831152968e-06,1.816685831152968e-06,True,0.0062420666217803955,1.5971887968480587,1.0,0,0.0,4,11.47
10.0,12,rtn,,2,0.18181818181818182,3000,0.0039081582804103565,1.816685831152968e-06,1.816685831152968e-06,True,0.0062420666217803955,1.5971887968480587,1.0,0,0.0,4,10.19
10.0,12,sr,,0,0.18181818181818182,3000,0.0039081582804103565,3.5948823925641025e-06,3.148356524394143e-06,True,0.0063256993889808655,1.618588331155479,0.684255,,0.0,4,10.1
10.0,12,sr,,1,0.18181818181818182,3000,0.0039081582804103565,3.7173987546033345e-06,3.353846827849129e-06,True,0.006234526634216309,1.595259502530098,0.68155,,0.0,4,9.12
10.0,12,sr,,2,0.18181818181818182,3000,0.0039081582804103565,3.6241043890933933e-06,3.2447712928296665e-06,True,0.005611717700958252,1.4358982667326927,0.67586,,0.0,4,9.81
10.0,12,ef,,0,0.18181818181818182,3000,0.0039081582804103565,4.148762783789209e-06,3.6624711592173e-06,True,0.004587888717651367,1.1739260256290436,0.501305,,0.0,4,7.89
10.0,12,ef,,1,0.18181818181818182,3000,0.0039081582804103565,4.148762783789209e-06,3.6624711592173e-06,True,0.004587888717651367,1.1739260256290436,0.501305,,0.0,4,9.53
10.0,12,ef,,2,0.18181818181818182,3000,0.0039081582804103565,4.148762783789209e-06,3.6624711592173e-06,True,0.004587888717651367,1.1739260256290436,0.501305,,0.0,4,13.53
10.0,10,rtn,,0,0.18181818181818182,3000,0.015655577299412915,2.788357285156148e-05,2.788357285156148e-05,True,0.021936863660812378,1.4012171663343906,1.0,0,0.0,4,10.12
10.0,10,rtn,,1,0.18181818181818182,3000,0.015655577299412915,2.788357285156148e-05,2.788357285156148e-05,True,0.021936863660812378,1.4012171663343906,1.0,0,0.0,4,7.83
10.0,10,rtn,,2,0.18181818181818182,3000,0.015655577299412915,2.788357285156148e-05,2.788357285156148e-05,True,0.021936863660812378,1.4012171663343906,1.0,0,0.0,4,8.81
10.0,10,sr,,0,0.18181818181818182,3000,0.015655577299412915,6.137383044720326e-05,4.933464410588806e-05,True,0.02552846074104309,1.6306304298341274,0.682415,,0.0,4,10.03
10.0,10,sr,,1,0.18181818181818182,3000,0.015655577299412915,6.173278730930525e-05,5.1096323077246325e-05,True,0.025168180465698242,1.6076175272464752,0.682335,,0.0,4,10.08
10.0,10,sr,,2,0.18181818181818182,3000,0.015655577299412915,6.166946478040063e-05,5.097977307741122e-05,True,0.02468585968017578,1.576809287071228,0.677765,,0.0,4,9.04
10.0,10,ef,,0,0.18181818181818182,3000,0.015655577299412915,6.395106150206666e-05,6.152671529915066e-05,True,0.02040886878967285,1.3036164939403534,0.487365,,0.0,4,12.8
10.0,10,ef,,1,0.18181818181818182,3000,0.015655577299412915,6.395106150206666e-05,6.152671529915066e-05,True,0.02040886878967285,1.3036164939403534,0.487365,,0.0,4,9.47
10.0,10,ef,,2,0.18181818181818182,3000,0.015655577299412915,6.395106150206666e-05,6.152671529915066e-05,True,0.02040886878967285,1.3036164939403534,0.487365,,0.0,4,11.51
10.0,8,rtn,,0,0.18181818181818182,3000,0.06299212598425197,0.00043548263863362683,0.00043548263863362683,True,0.08756852149963379,1.3901502788066864,1.0,0,0.0,4,9.88
10.0,8,rtn,,1,0.18181818181818182,3000,0.06299212598425197,0.00043548263863362683,0.00043548263863362683,True,0.08756852149963379,1.3901502788066864,1.0,0,0.0,4,7.83
10.0,8,rtn,,2,0.18181818181818182,3000,0.06299212598425197,0.00043548263863362683,0.00043548263863362683,True,0.08756852149963379,1.3901502788066864,1.0,0,0.0,4,7.79
10.0,8,sr,,0,0.18181818181818182,3000,0.06299212598425197,0.0009857989970721512,0.0008478865031355323,True,0.11163166165351868,1.772152628749609,0.6834399999999999,,0.0,4,8.01
10.0,8,sr,,1,0.18181818181818182,3000,0.06299212598425197,0.0009514325586090448,0.0008366880709477967,True,0.10788419842720032,1.712661650031805,0.68365,,0.0,4,9.52
10.0,8,sr,,2,0.18181818181818182,3000,0.06299212598425197,0.0009784200566355736,0.0008676623319264497,True,0.093547523021698,1.4850669279694557,0.67681,,0.0,4,9.71
10.0,8,ef,,0,0.18181818181818182,3000,0.06299212598425197,0.0010811506394476928,0.0009221346538515817,False,0.08617424964904785,1.3680162131786346,0.5009,,0.0,4,10.67
10.0,8,ef,,1,0.18181818181818182,3000,0.06299212598425197,0.0010811506394476928,0.0009221346538515817,False,0.08617424964904785,1.3680162131786346,0.5009,,0.0,4,7.86
10.0,8,ef,,2,0.18181818181818182,3000,0.06299212598425197,0.0010811506394476928,0.0009221346538515817,False,0.08617424964904785,1.3680162131786346,0.5009,,0.0,4,11.46
10.0,6,rtn,,0,0.18181818181818182,3000,0.25806451612903225,0.007278961173957485,0.007278961173957485,False,0.338195264339447,1.3105066493153572,1.0,0,0.0,4,9.06
10.0,6,rtn,,1,0.18181818181818182,3000,0.25806451612903225,0.007278961173957485,0.007278961173957485,False,0.338195264339447,1.3105066493153572,1.0,0,0.0,4,7.05
10.0,6,rtn,,2,0.18181818181818182,3000,0.25806451612903225,0.007278961173957485,0.007278961173957485,False,0.338195264339447,1.3105066493153572,1.0,0,0.0,4,7.1
10.0,6,sr,,0,0.18181818181818182,3000,0.25806451612903225,0.014651173880855529,0.014067945611821401,False,0.4407525062561035,1.7079159617424011,0.6824250000000001,,0.0,4,9.78
10.0,6,sr,,1,0.18181818181818182,3000,0.25806451612903225,0.015508200323751067,0.013972472560103536,False,0.36490732431411743,1.414015881717205,0.681705,,0.0,4,8.86
10.0,6,sr,,2,0.18181818181818182,3000,0.25806451612903225,0.014429474922163612,0.01423030719959399,False,0.40487420558929443,1.568887546658516,0.6792100000000001,,0.0,4,7.93
10.0,6,ef,,0,0.18181818181818182,3000,0.25806451612903225,0.020895332029224105,0.016485678613950602,False,0.3688119947910309,1.4291464798152447,0.490025,,0.0,4,9.62
10.0,6,ef,,1,0.18181818181818182,3000,0.25806451612903225,0.020895332029224105,0.016485678613950602,False,0.3688119947910309,1.4291464798152447,0.490025,,0.0,4,11.94
10.0,6,ef,,2,0.18181818181818182,3000,0.25806451612903225,0.020895332029224105,0.016485678613950602,False,0.3688119947910309,1.4291464798152447,0.490025,,0.0,4,9.35
10.0,4,rtn,,0,0.18181818181818182,3000,1.1428571428571428,0.12150068354024843,0.12150068354024843,False,1.1795185804367065,1.0320787578821182,1.0,0,0.0,4,7.86
10.0,4,rtn,,1,0.18181818181818182,3000,1.1428571428571428,0.12150068354024843,0.12150068354024843,False,1.1795185804367065,1.0320787578821182,1.0,0,0.0,4,10.53
10.0,4,rtn,,2,0.18181818181818182,3000,1.1428571428571428,0.12150068354024843,0.12150068354024843,False,1.1795185804367065,1.0320787578821182,1.0,0,0.0,4,7.17
10.0,4,sr,,0,0.18181818181818182,3000,1.1428571428571428,0.3351297417935648,0.27479760496134176,False,1.6942088603973389,1.4824327528476715,0.68296,,0.0,4,8.65
10.0,4,sr,,1,0.18181818181818182,3000,1.1428571428571428,0.3276404553833746,0.2683075561693882,False,1.9720206260681152,1.7255180478096008,0.6783100000000001,,0.0,4,8.75
10.0,4,sr,,2,0.18181818181818182,3000,1.1428571428571428,0.3032046798183124,0.27323904442214175,False,2.027590751647949,1.7741419076919556,0.6788550000000001,,0.0,4,9.91
10.0,4,ef,,0,0.18181818181818182,3000,1.1428571428571428,0.3741544099565337,0.3174529348057185,False,1.5295873880386353,1.3383889645338058,0.492025,,0.0,4,8.43
10.0,4,ef,,1,0.18181818181818182,3000,1.1428571428571428,0.3741544099565337,0.3174529348057185,False,1.5295873880386353,1.3383889645338058,0.492025,,0.0,4,8.4
10.0,4,ef,,2,0.18181818181818182,3000,1.1428571428571428,0.3741544099565337,0.3174529348057185,False,1.5295873880386353,1.3383889645338058,0.492025,,0.0,4,9.81
100.0,fp32,-,,0,0.019801980198019802,3000,,3.6519089865630865e-13,3.358695713650148e-13,True,7.3909759521484375e-06,,0.10371000000000001,,0.0,4,5.6
100.0,fp32,-,,1,0.019801980198019802,3000,,3.6519089865630865e-13,3.358695713650148e-13,True,7.3909759521484375e-06,,0.10371000000000001,,0.0,4,4.7
100.0,fp32,-,,2,0.019801980198019802,3000,,3.6519089865630865e-13,3.358695713650148e-13,True,7.3909759521484375e-06,,0.10371000000000001,,0.0,4,3.78
100.0,16,rtn,,0,0.019801980198019802,3000,0.00024414807580797754,1.82667691843729e-07,1.809680007486672e-07,True,0.002021312713623047,8.279044210910797,0.282,0,0.0,4,7.12
100.0,16,rtn,,1,0.019801980198019802,3000,0.00024414807580797754,1.82667691843729e-07,1.809680007486672e-07,True,0.002021312713623047,8.279044210910797,0.282,0,0.0,4,7.97
100.0,16,rtn,,2,0.019801980198019802,3000,0.00024414807580797754,1.82667691843729e-07,1.809680007486672e-07,True,0.002021312713623047,8.279044210910797,0.282,0,0.0,4,7.91
100.0,16,sr,,0,0.019801980198019802,3000,0.00024414807580797754,2.2008362397149305e-08,1.8753735257731415e-08,True,0.0008624792098999023,3.5326070338487625,0.68407,,0.0,4,8.08
100.0,16,sr,,1,0.019801980198019802,3000,0.00024414807580797754,2.5693496798250156e-08,1.943258753866718e-08,True,0.0007689595222473145,3.149562083184719,0.68117,,0.0,4,7.44
100.0,16,sr,,2,0.019801980198019802,3000,0.00024414807580797754,2.5867793017809345e-08,1.8811538843996038e-08,True,0.0008088350296020508,3.3128871768712997,0.667065,,0.0,4,8.06
100.0,16,ef,,0,0.019801980198019802,3000,0.00024414807580797754,3.3467986806985714e-08,2.8098858080145715e-08,True,0.0003209114074707031,1.3144130110740662,0.445925,,0.0,4,7.19
100.0,16,ef,,1,0.019801980198019802,3000,0.00024414807580797754,3.3467986806985714e-08,2.8098858080145715e-08,True,0.0003209114074707031,1.3144130110740662,0.445925,,0.0,4,6.11
100.0,16,ef,,2,0.019801980198019802,3000,0.00024414807580797754,3.3467986806985714e-08,2.8098858080145715e-08,True,0.0003209114074707031,1.3144130110740662,0.445925,,0.0,4,5.98
100.0,12,rtn,,0,0.019801980198019802,3000,0.0039081582804103565,4.384764083633034e-05,4.384764083633034e-05,True,0.03802049160003662,9.72849328815937,0.319,0,0.0,4,4.77
100.0,12,rtn,,1,0.019801980198019802,3000,0.0039081582804103565,4.384764083633034e-05,4.384764083633034e-05,True,0.03802049160003662,9.72849328815937,0.319,0,0.0,4,4.75
100.0,12,rtn,,2,0.019801980198019802,3000,0.0039081582804103565,4.384764083633034e-05,4.384764083633034e-05,True,0.03802049160003662,9.72849328815937,0.319,0,0.0,4,5.39
100.0,12,sr,,0,0.019801980198019802,3000,0.0039081582804103565,6.629582917963955e-06,4.878007303693043e-06,True,0.01256251335144043,3.21443310379982,0.6810200000000001,,0.0,4,5.05
100.0,12,sr,,1,0.019801980198019802,3000,0.0039081582804103565,6.477323602304063e-06,5.098970995637317e-06,True,0.013219118118286133,3.3824418485164642,0.67269,,0.0,4,5.62
100.0,12,sr,,2,0.019801980198019802,3000,0.0039081582804103565,5.241319960166596e-06,4.949138541624608e-06,True,0.010913848876953125,2.792581081390381,0.654315,,0.0,4,5.27
100.0,12,ef,,0,0.019801980198019802,3000,0.0039081582804103565,1.0193019048423214e-05,6.430942237686702e-06,True,0.0067310631275177,1.7223107777535915,0.47603500000000004,,0.0,4,5.99
100.0,12,ef,,1,0.019801980198019802,3000,0.0039081582804103565,1.0193019048423214e-05,6.430942237686702e-06,True,0.0067310631275177,1.7223107777535915,0.47603500000000004,,0.0,4,6.04
100.0,12,ef,,2,0.019801980198019802,3000,0.0039081582804103565,1.0193019048423214e-05,6.430942237686702e-06,True,0.0067310631275177,1.7223107777535915,0.47603500000000004,,0.0,4,6.41
100.0,10,rtn,,0,0.019801980198019802,3000,0.015655577299412915,0.0006319427446641751,0.0006319427446641751,True,0.16792911291122437,10.726472087204456,0.32899999999999996,0,0.0,4,5.05
100.0,10,rtn,,1,0.019801980198019802,3000,0.015655577299412915,0.0006319427446641751,0.0006319427446641751,True,0.16792911291122437,10.726472087204456,0.32899999999999996,0,0.0,4,4.69
100.0,10,rtn,,2,0.019801980198019802,3000,0.015655577299412915,0.0006319427446641751,0.0006319427446641751,True,0.16792911291122437,10.726472087204456,0.32899999999999996,0,0.0,4,5.03
100.0,10,sr,,0,0.019801980198019802,3000,0.015655577299412915,0.00012184610281167505,7.315691478705394e-05,True,0.04551982879638672,2.9075790643692017,0.67647,,0.0,4,5.55
100.0,10,sr,,1,0.019801980198019802,3000,0.015655577299412915,0.00011958017002333778,7.78723373271935e-05,True,0.053211331367492676,3.3988737910985947,0.6773600000000001,,0.0,4,4.49
100.0,10,sr,,2,0.019801980198019802,3000,0.015655577299412915,9.487791008567425e-05,7.448530188379523e-05,True,0.050781428813934326,3.243663765490055,0.656965,,0.0,4,5.62
100.0,10,ef,,0,0.019801980198019802,3000,0.015655577299412915,0.00015279525962473187,9.548625531069847e-05,True,0.025265373289585114,1.6138257188722491,0.42789,,0.0,4,5.47
100.0,10,ef,,1,0.019801980198019802,3000,0.015655577299412915,0.00015279525962473187,9.548625531069847e-05,True,0.025265373289585114,1.6138257188722491,0.42789,,0.0,4,5.39
100.0,10,ef,,2,0.019801980198019802,3000,0.015655577299412915,0.00015279525962473187,9.548625531069847e-05,True,0.025265373289585114,1.6138257188722491,0.42789,,0.0,4,5.6
100.0,8,rtn,,0,0.019801980198019802,3000,0.06299212598425197,0.004020044433997135,0.004020044433997135,False,0.4307708740234375,6.83848762512207,0.565,0,0.0,4,4.5
100.0,8,rtn,,1,0.019801980198019802,3000,0.06299212598425197,0.004020044433997135,0.004020044433997135,False,0.4307708740234375,6.83848762512207,0.565,0,0.0,4,4.53
100.0,8,rtn,,2,0.019801980198019802,3000,0.06299212598425197,0.004020044433997135,0.004020044433997135,False,0.4307708740234375,6.83848762512207,0.565,0,0.0,4,5.21
100.0,8,sr,,0,0.019801980198019802,3000,0.06299212598425197,0.0016554668363291285,0.0012731905141235406,False,0.2376159131526947,3.7721526212990284,0.691905,,0.0,4,4.97
100.0,8,sr,,1,0.019801980198019802,3000,0.06299212598425197,0.001462957971401324,0.0012540465554464596,False,0.21545790135860443,3.4203941840678453,0.68081,,0.0,4,4.86
100.0,8,sr,,2,0.019801980198019802,3000,0.06299212598425197,0.0016926076804445651,0.0011547276389261341,False,0.2231994867324829,3.543291851878166,0.691865,,0.0,4,4.97
100.0,8,ef,,0,0.019801980198019802,3000,0.06299212598425197,0.0016490379259159716,0.0016118383706368719,False,0.08938171714544296,1.418934759683907,0.46279000000000003,,0.0,4,5.65
100.0,8,ef,,1,0.019801980198019802,3000,0.06299212598425197,0.0016490379259159716,0.0016118383706368719,False,0.08938171714544296,1.418934759683907,0.46279000000000003,,0.0,4,5.46
100.0,8,ef,,2,0.019801980198019802,3000,0.06299212598425197,0.0016490379259159716,0.0016118383706368719,False,0.08938171714544296,1.418934759683907,0.46279000000000003,,0.0,4,6.04
100.0,6,rtn,,0,0.019801980198019802,3000,0.25806451612903225,0.0172382751444994,0.0172382751444994,False,1.2224531173706055,4.737005829811096,1.0,0,0.0,4,4.44
100.0,6,rtn,,1,0.019801980198019802,3000,0.25806451612903225,0.0172382751444994,0.0172382751444994,False,1.2224531173706055,4.737005829811096,1.0,0,0.0,4,4.55
100.0,6,rtn,,2,0.019801980198019802,3000,0.25806451612903225,0.0172382751444994,0.0172382751444994,False,1.2224531173706055,4.737005829811096,1.0,0,0.0,4,4.52
100.0,6,sr,,0,0.019801980198019802,3000,0.25806451612903225,0.02509531779666676,0.019243688367321224,False,0.9636361598968506,3.734090119600296,0.69528,,0.0,4,5.07
100.0,6,sr,,1,0.019801980198019802,3000,0.25806451612903225,0.024563116633513706,0.019512992530632697,False,0.8416715860366821,3.2614773958921432,0.67632,,0.0,4,4.83
100.0,6,sr,,2,0.019801980198019802,3000,0.25806451612903225,0.024345740633172946,0.020224350172976184,False,0.9042118191719055,3.503820799291134,0.68568,,0.0,4,5.35
100.0,6,ef,,0,0.019801980198019802,3000,0.25806451612903225,0.051782963968290636,0.031612399521386475,False,0.37059348821640015,1.4360497668385506,0.45187,,0.0,4,5.76
100.0,6,ef,,1,0.019801980198019802,3000,0.25806451612903225,0.051782963968290636,0.031612399521386475,False,0.37059348821640015,1.4360497668385506,0.45187,,0.0,4,5.53
100.0,6,ef,,2,0.019801980198019802,3000,0.25806451612903225,0.051782963968290636,0.031612399521386475,False,0.37059348821640015,1.4360497668385506,0.45187,,0.0,4,5.54
100.0,4,rtn,,0,0.019801980198019802,3000,1.1428571428571428,0.1944781595106022,0.1944781595106022,False,2.322375774383545,2.032078802585602,1.0,0,0.0,4,4.52
100.0,4,rtn,,1,0.019801980198019802,3000,1.1428571428571428,0.1944781595106022,0.1944781595106022,False,2.322375774383545,2.032078802585602,1.0,0,0.0,4,4.54
100.0,4,rtn,,2,0.019801980198019802,3000,1.1428571428571428,0.1944781595106022,0.1944781595106022,False,2.322375774383545,2.032078802585602,1.0,0,0.0,4,4.55
100.0,4,sr,,0,0.019801980198019802,3000,1.1428571428571428,0.5129191482226906,0.38635869538678974,False,3.9726827144622803,3.4760973751544952,0.68975,,0.0,4,5.45
100.0,4,sr,,1,0.019801980198019802,3000,1.1428571428571428,0.5161044734452944,0.40467656542062264,False,3.5166971683502197,3.0771100223064423,0.6829949999999999,,0.0,4,4.95
100.0,4,sr,,2,0.019801980198019802,3000,1.1428571428571428,0.46767068767517106,0.40453136286234564,False,3.2773499488830566,2.8676812052726746,0.690345,,0.0,4,5.01
100.0,4,ef,,0,0.019801980198019802,3000,1.1428571428571428,0.8341924205032301,0.42800712494161475,False,1.5784300565719604,1.3811262995004654,0.44957500000000006,,0.0,4,5.6
100.0,4,ef,,1,0.019801980198019802,3000,1.1428571428571428,0.8341924205032301,0.42800712494161475,False,1.5784300565719604,1.3811262995004654,0.44957500000000006,,0.0,4,5.58
100.0,4,ef,,2,0.019801980198019802,3000,1.1428571428571428,0.8341924205032301,0.42800712494161475,False,1.5784300565719604,1.3811262995004654,0.44957500000000006,,0.0,4,5.95
