spectrum,kappa,bits,mode,grad_bits,seed,lr,steps,delta,rel_gap,best_rel_gap,passed_gate,w_err_inf,err_in_grid_steps,frozen_frac_tail,freeze_law_violations,shadow_sat_frac_max,threads,seconds
logspace,100.0,16,rtn,,0,0.019801980198019802,3000,0.00024414807580797754,1.82667691843729e-07,1.809680007486672e-07,True,0.002021312713623047,8.279044210910797,0.282,0,0.0,4,5.05
logspace,100.0,16,rtn,,1,0.019801980198019802,3000,0.00024414807580797754,1.82667691843729e-07,1.809680007486672e-07,True,0.002021312713623047,8.279044210910797,0.282,0,0.0,4,4.83
logspace,100.0,16,rtn,,2,0.019801980198019802,3000,0.00024414807580797754,1.82667691843729e-07,1.809680007486672e-07,True,0.002021312713623047,8.279044210910797,0.282,0,0.0,4,4.65
logspace,100.0,16,sr,,0,0.019801980198019802,3000,0.00024414807580797754,2.2008362397149305e-08,1.8753735257731415e-08,True,0.0008624792098999023,3.5326070338487625,0.68407,,0.0,4,5.16
logspace,100.0,16,sr,,1,0.019801980198019802,3000,0.00024414807580797754,2.5693496798250156e-08,1.943258753866718e-08,True,0.0007689595222473145,3.149562083184719,0.68117,,0.0,4,5.34
logspace,100.0,16,sr,,2,0.019801980198019802,3000,0.00024414807580797754,2.5867793017809345e-08,1.8811538843996038e-08,True,0.0008088350296020508,3.3128871768712997,0.667065,,0.0,4,4.99
logspace,100.0,16,ef,,0,0.019801980198019802,3000,0.00024414807580797754,3.3467986806985714e-08,2.8098858080145715e-08,True,0.0003209114074707031,1.3144130110740662,0.445925,,0.0,4,5.67
logspace,100.0,16,ef,,1,0.019801980198019802,3000,0.00024414807580797754,3.3467986806985714e-08,2.8098858080145715e-08,True,0.0003209114074707031,1.3144130110740662,0.445925,,0.0,4,5.53
logspace,100.0,16,ef,,2,0.019801980198019802,3000,0.00024414807580797754,3.3467986806985714e-08,2.8098858080145715e-08,True,0.0003209114074707031,1.3144130110740662,0.445925,,0.0,4,5.78
logspace,100.0,10,rtn,,0,0.019801980198019802,3000,0.015655577299412915,0.0006319427446641751,0.0006319427446641751,True,0.16792911291122437,10.726472087204456,0.32899999999999996,0,0.0,4,4.84
logspace,100.0,10,rtn,,1,0.019801980198019802,3000,0.015655577299412915,0.0006319427446641751,0.0006319427446641751,True,0.16792911291122437,10.726472087204456,0.32899999999999996,0,0.0,4,4.87
logspace,100.0,10,rtn,,2,0.019801980198019802,3000,0.015655577299412915,0.0006319427446641751,0.0006319427446641751,True,0.16792911291122437,10.726472087204456,0.32899999999999996,0,0.0,4,4.48
logspace,100.0,10,sr,,0,0.019801980198019802,3000,0.015655577299412915,0.00012184610281167505,7.315691478705394e-05,True,0.04551982879638672,2.9075790643692017,0.67647,,0.0,4,5.26
logspace,100.0,10,sr,,1,0.019801980198019802,3000,0.015655577299412915,0.00011958017002333778,7.78723373271935e-05,True,0.053211331367492676,3.3988737910985947,0.6773600000000001,,0.0,4,5.11
logspace,100.0,10,sr,,2,0.019801980198019802,3000,0.015655577299412915,9.487791008567425e-05,7.448530188379523e-05,True,0.050781428813934326,3.243663765490055,0.656965,,0.0,4,5.46
logspace,100.0,10,ef,,0,0.019801980198019802,3000,0.015655577299412915,0.00015279525962473187,9.548625531069847e-05,True,0.025265373289585114,1.6138257188722491,0.42789,,0.0,4,5.75
logspace,100.0,10,ef,,1,0.019801980198019802,3000,0.015655577299412915,0.00015279525962473187,9.548625531069847e-05,True,0.025265373289585114,1.6138257188722491,0.42789,,0.0,4,5.86
logspace,100.0,10,ef,,2,0.019801980198019802,3000,0.015655577299412915,0.00015279525962473187,9.548625531069847e-05,True,0.025265373289585114,1.6138257188722491,0.42789,,0.0,4,5.65
logspace,100.0,8,rtn,,0,0.019801980198019802,3000,0.06299212598425197,0.004020044433997135,0.004020044433997135,False,0.4307708740234375,6.83848762512207,0.565,0,0.0,4,4.59
logspace,100.0,8,rtn,,1,0.019801980198019802,3000,0.06299212598425197,0.004020044433997135,0.004020044433997135,False,0.4307708740234375,6.83848762512207,0.565,0,0.0,4,4.53
logspace,100.0,8,rtn,,2,0.019801980198019802,3000,0.06299212598425197,0.004020044433997135,0.004020044433997135,False,0.4307708740234375,6.83848762512207,0.565,0,0.0,4,4.67
logspace,100.0,8,sr,,0,0.019801980198019802,3000,0.06299212598425197,0.0016554668363291285,0.0012731905141235406,False,0.2376159131526947,3.7721526212990284,0.691905,,0.0,4,5.14
logspace,100.0,8,sr,,1,0.019801980198019802,3000,0.06299212598425197,0.001462957971401324,0.0012540465554464596,False,0.21545790135860443,3.4203941840678453,0.68081,,0.0,4,5.33
logspace,100.0,8,sr,,2,0.019801980198019802,3000,0.06299212598425197,0.0016926076804445651,0.0011547276389261341,False,0.2231994867324829,3.543291851878166,0.691865,,0.0,4,4.93
logspace,100.0,8,ef,,0,0.019801980198019802,3000,0.06299212598425197,0.0016490379259159716,0.0016118383706368719,False,0.08938171714544296,1.418934759683907,0.46279000000000003,,0.0,4,5.51
logspace,100.0,8,ef,,1,0.019801980198019802,3000,0.06299212598425197,0.0016490379259159716,0.0016118383706368719,False,0.08938171714544296,1.418934759683907,0.46279000000000003,,0.0,4,5.67
logspace,100.0,8,ef,,2,0.019801980198019802,3000,0.06299212598425197,0.0016490379259159716,0.0016118383706368719,False,0.08938171714544296,1.418934759683907,0.46279000000000003,,0.0,4,5.53
logspace,100.0,4,rtn,,0,0.019801980198019802,3000,1.1428571428571428,0.1944781595106022,0.1944781595106022,False,2.322375774383545,2.032078802585602,1.0,0,0.0,4,4.68
logspace,100.0,4,rtn,,1,0.019801980198019802,3000,1.1428571428571428,0.1944781595106022,0.1944781595106022,False,2.322375774383545,2.032078802585602,1.0,0,0.0,4,4.87
logspace,100.0,4,rtn,,2,0.019801980198019802,3000,1.1428571428571428,0.1944781595106022,0.1944781595106022,False,2.322375774383545,2.032078802585602,1.0,0,0.0,4,4.58
logspace,100.0,4,sr,,0,0.019801980198019802,3000,1.1428571428571428,0.5129191482226906,0.38635869538678974,False,3.9726827144622803,3.4760973751544952,0.68975,,0.0,4,5.02
logspace,100.0,4,sr,,1,0.019801980198019802,3000,1.1428571428571428,0.5161044734452944,0.40467656542062264,False,3.5166971683502197,3.0771100223064423,0.6829949999999999,,0.0,4,5.09
logspace,100.0,4,sr,,2,0.019801980198019802,3000,1.1428571428571428,0.46767068767517106,0.40453136286234564,False,3.2773499488830566,2.8676812052726746,0.690345,,0.0,4,4.94
logspace,100.0,4,ef,,0,0.019801980198019802,3000,1.1428571428571428,0.8341924205032301,0.42800712494161475,False,1.5784300565719604,1.3811262995004654,0.44957500000000006,,0.0,4,6.22
logspace,100.0,4,ef,,1,0.019801980198019802,3000,1.1428571428571428,0.8341924205032301,0.42800712494161475,False,1.5784300565719604,1.3811262995004654,0.44957500000000006,,0.0,4,6.0
logspace,100.0,4,ef,,2,0.019801980198019802,3000,1.1428571428571428,0.8341924205032301,0.42800712494161475,False,1.5784300565719604,1.3811262995004654,0.44957500000000006,,0.0,4,5.71
powerlaw,100.0,16,rtn,,0,0.019801980198019802,3000,0.00024414807580797754,8.704149675528683e-08,8.704149675528683e-08,True,0.0026890039443969727,11.01382403075695,0.596,0,0.0,4,4.62
powerlaw,100.0,16,rtn,,1,0.019801980198019802,3000,0.00024414807580797754,8.704149675528683e-08,8.704149675528683e-08,True,0.0026890039443969727,11.01382403075695,0.596,0,0.0,4,4.64
powerlaw,100.0,16,rtn,,2,0.019801980198019802,3000,0.00024414807580797754,8.704149675528683e-08,8.704149675528683e-08,True,0.0026890039443969727,11.01382403075695,0.596,0,0.0,4,4.54
powerlaw,100.0,16,sr,,0,0.019801980198019802,3000,0.00024414807580797754,2.521163204006393e-08,2.206655630053402e-08,True,0.001014113426208496,4.153681829571724,0.667295,,0.0,4,5.2
powerlaw,100.0,16,sr,,1,0.019801980198019802,3000,0.00024414807580797754,3.043975318147067e-08,2.1128525156880892e-08,True,0.001011366955935955,4.14243263064418,0.660385,,0.0,4,5.46
powerlaw,100.0,16,sr,,2,0.019801980198019802,3000,0.00024414807580797754,2.6586044224726498e-08,2.0398192973082223e-08,True,0.0013744831085205078,5.629711002111435,0.654475,,0.0,4,4.95
powerlaw,100.0,16,ef,,0,0.019801980198019802,3000,0.00024414807580797754,6.413051277733003e-08,2.5948618618140104e-08,True,0.0003688335418701172,1.5106960833072662,0.425065,,0.0,4,5.58
powerlaw,100.0,16,ef,,1,0.019801980198019802,3000,0.00024414807580797754,6.413051277733003e-08,2.5948618618140104e-08,True,0.0003688335418701172,1.5106960833072662,0.425065,,0.0,4,5.99
powerlaw,100.0,16,ef,,2,0.019801980198019802,3000,0.00024414807580797754,6.413051277733003e-08,2.5948618618140104e-08,True,0.0003688335418701172,1.5106960833072662,0.425065,,0.0,4,5.95
powerlaw,100.0,10,rtn,,0,0.019801980198019802,3000,0.015655577299412915,0.000547510171470765,0.000547510171470765,True,0.33438217639923096,21.358661517500877,1.0,0,0.0,4,5.04
powerlaw,100.0,10,rtn,,1,0.019801980198019802,3000,0.015655577299412915,0.000547510171470765,0.000547510171470765,True,0.33438217639923096,21.358661517500877,1.0,0,0.0,4,5.46
powerlaw,100.0,10,rtn,,2,0.019801980198019802,3000,0.015655577299412915,0.000547510171470765,0.000547510171470765,True,0.33438217639923096,21.358661517500877,1.0,0,0.0,4,4.76
powerlaw,100.0,10,sr,,0,0.019801980198019802,3000,0.015655577299412915,0.00011479575700161073,7.847902431260504e-05,True,0.06288129091262817,4.016542457044125,0.673095,,0.0,4,5.01
powerlaw,100.0,10,sr,,1,0.019801980198019802,3000,0.015655577299412915,0.00011615188983898632,8.919434026158548e-05,True,0.06820711493492126,4.356729466468096,0.65809,,0.0,4,4.92
powerlaw,100.0,10,sr,,2,0.019801980198019802,3000,0.015655577299412915,8.889115982962786e-05,8.558314038439016e-05,True,0.06406915187835693,4.092417076230049,0.66929,,0.0,4,4.93
powerlaw,100.0,10,ef,,0,0.019801980198019802,3000,0.015655577299412915,0.00024404890241241527,0.00011776792155407899,True,0.02395617961883545,1.5302009731531143,0.439135,,0.0,4,5.74
powerlaw,100.0,10,ef,,1,0.019801980198019802,3000,0.015655577299412915,0.00024404890241241527,0.00011776792155407899,True,0.02395617961883545,1.5302009731531143,0.439135,,0.0,4,5.94
powerlaw,100.0,10,ef,,2,0.019801980198019802,3000,0.015655577299412915,0.00024404890241241527,0.00011776792155407899,True,0.02395617961883545,1.5302009731531143,0.439135,,0.0,4,5.46
powerlaw,100.0,8,rtn,,0,0.019801980198019802,3000,0.06299212598425197,0.004223599479904702,0.004223599479904702,False,0.7515355348587036,11.93062661588192,1.0,0,0.0,4,4.61
powerlaw,100.0,8,rtn,,1,0.019801980198019802,3000,0.06299212598425197,0.004223599479904702,0.004223599479904702,False,0.7515355348587036,11.93062661588192,1.0,0,0.0,4,4.49
powerlaw,100.0,8,rtn,,2,0.019801980198019802,3000,0.06299212598425197,0.004223599479904702,0.004223599479904702,False,0.7515355348587036,11.93062661588192,1.0,0,0.0,4,4.57
powerlaw,100.0,8,sr,,0,0.019801980198019802,3000,0.06299212598425197,0.0022480774111864614,0.0014421023290496584,False,0.27418994903564453,4.352765440940857,0.6575650000000001,,0.0,4,5.06
powerlaw,100.0,8,sr,,1,0.019801980198019802,3000,0.06299212598425197,0.0016581555090975646,0.0013641636542383857,False,0.24674272537231445,3.917040765285492,0.68867,,0.0,4,5.37
powerlaw,100.0,8,sr,,2,0.019801980198019802,3000,0.06299212598425197,0.0017940614656825143,0.0014022324757699332,False,0.2544361352920532,4.039173647761345,0.64927,,0.0,4,4.99
powerlaw,100.0,8,ef,,0,0.019801980198019802,3000,0.06299212598425197,0.002131924951544933,0.0016746231693589866,False,0.08627355098724365,1.369592621922493,0.46389,,0.0,4,5.62
powerlaw,100.0,8,ef,,1,0.019801980198019802,3000,0.06299212598425197,0.002131924951544933,0.0016746231693589866,False,0.08627355098724365,1.369592621922493,0.46389,,0.0,4,5.51
powerlaw,100.0,8,ef,,2,0.019801980198019802,3000,0.06299212598425197,0.002131924951544933,0.0016746231693589866,False,0.08627355098724365,1.369592621922493,0.46389,,0.0,4,5.52
powerlaw,100.0,4,rtn,,0,0.019801980198019802,3000,1.1428571428571428,0.16921620382857788,0.16921620382857788,False,2.936089277267456,2.569078117609024,1.0,0,0.0,4,4.74
powerlaw,100.0,4,rtn,,1,0.019801980198019802,3000,1.1428571428571428,0.16921620382857788,0.16921620382857788,False,2.936089277267456,2.569078117609024,1.0,0,0.0,4,4.88
powerlaw,100.0,4,rtn,,2,0.019801980198019802,3000,1.1428571428571428,0.16921620382857788,0.16921620382857788,False,2.936089277267456,2.569078117609024,1.0,0,0.0,4,4.56
powerlaw,100.0,4,sr,,0,0.019801980198019802,3000,1.1428571428571428,0.596790440688051,0.42572676502133905,False,6.132457733154297,5.36590051651001,0.6688500000000001,,0.0,4,4.99
powerlaw,100.0,4,sr,,1,0.019801980198019802,3000,1.1428571428571428,0.47270668735472304,0.4554792421348221,False,4.452116966247559,3.8956023454666138,0.679015,,0.0,4,5.02
powerlaw,100.0,4,sr,,2,0.019801980198019802,3000,1.1428571428571428,0.5013430325872297,0.45364640383026866,False,4.938921928405762,4.3215566873550415,0.67747,,0.0010000000474974513,4,5.11
powerlaw,100.0,4,ef,,0,0.019801980198019802,3000,1.1428571428571428,1.1260012006242346,0.4309465114802476,False,1.9390528202056885,1.6966712176799774,0.454935,,0.0,4,5.67
powerlaw,100.0,4,ef,,1,0.019801980198019802,3000,1.1428571428571428,1.1260012006242346,0.4309465114802476,False,1.9390528202056885,1.6966712176799774,0.454935,,0.0,4,6.17
powerlaw,100.0,4,ef,,2,0.019801980198019802,3000,1.1428571428571428,1.1260012006242346,0.4309465114802476,False,1.9390528202056885,1.6966712176799774,0.454935,,0.0,4,6.45
bulk_outlier,100.0,16,rtn,,0,0.019801980198019802,3000,0.00024414807580797754,5.037581103358835e-06,5.037581103358835e-06,True,0.007242441177368164,29.66413375735283,1.0,0,0.0,4,4.67
bulk_outlier,100.0,16,rtn,,1,0.019801980198019802,3000,0.00024414807580797754,5.037581103358835e-06,5.037581103358835e-06,True,0.007242441177368164,29.66413375735283,1.0,0,0.0,4,4.59
bulk_outlier,100.0,16,rtn,,2,0.019801980198019802,3000,0.00024414807580797754,5.037581103358835e-06,5.037581103358835e-06,True,0.007242441177368164,29.66413375735283,1.0,0,0.0,4,4.55
bulk_outlier,100.0,16,sr,,0,0.019801980198019802,3000,0.00024414807580797754,6.115366028779701e-08,2.4562050896839488e-08,True,0.0009958446025848389,4.078855011612177,0.9561700000000001,,0.0,4,5.08
bulk_outlier,100.0,16,sr,,1,0.019801980198019802,3000,0.00024414807580797754,6.988176501846385e-08,2.359736370822135e-08,True,0.001202702522277832,4.926119193434715,0.9342900000000001,,0.0,4,5.36
bulk_outlier,100.0,16,sr,,2,0.019801980198019802,3000,0.00024414807580797754,6.805856985242174e-08,2.406684744864163e-08,True,0.0013485252857208252,5.523391004651785,0.9050449999999999,,0.0,4,4.98
bulk_outlier,100.0,16,ef,,0,0.019801980198019802,3000,0.00024414807580797754,1.695330885930201e-07,4.161645656543977e-08,True,0.00023448467254638672,0.9604199081659317,0.36316000000000004,,0.0,4,5.61
bulk_outlier,100.0,16,ef,,1,0.019801980198019802,3000,0.00024414807580797754,1.695330885930201e-07,4.161645656543977e-08,True,0.00023448467254638672,0.9604199081659317,0.36316000000000004,,0.0,4,5.49
bulk_outlier,100.0,16,ef,,2,0.019801980198019802,3000,0.00024414807580797754,1.695330885930201e-07,4.161645656543977e-08,True,0.00023448467254638672,0.9604199081659317,0.36316000000000004,,0.0,4,5.58
bulk_outlier,100.0,10,rtn,,0,0.019801980198019802,3000,0.015655577299412915,0.035550856130770504,0.035550856130770504,False,0.48091578483581543,30.71849575638771,1.0,0,0.0,4,4.76
bulk_outlier,100.0,10,rtn,,1,0.019801980198019802,3000,0.015655577299412915,0.035550856130770504,0.035550856130770504,False,0.48091578483581543,30.71849575638771,1.0,0,0.0,4,5.43
bulk_outlier,100.0,10,rtn,,2,0.019801980198019802,3000,0.015655577299412915,0.035550856130770504,0.035550856130770504,False,0.48091578483581543,30.71849575638771,1.0,0,0.0,4,4.56
bulk_outlier,100.0,10,sr,,0,0.019801980198019802,3000,0.015655577299412915,0.00020893484995735344,9.201599398788756e-05,True,0.06443315744400024,4.115667931735516,0.9647549999999999,,0.0,4,4.99
bulk_outlier,100.0,10,sr,,1,0.019801980198019802,3000,0.015655577299412915,0.00013920347208540602,8.276257606215665e-05,True,0.055757999420166016,3.5615422129631042,0.9658249999999999,,0.0,4,4.96
bulk_outlier,100.0,10,sr,,2,0.019801980198019802,3000,0.015655577299412915,0.00026477100263579096,9.032348058863895e-05,True,0.09403358399868011,6.006395177915692,0.926285,,0.0,4,4.99
bulk_outlier,100.0,10,ef,,0,0.019801980198019802,3000,0.015655577299412915,0.005778896037454095,0.0001223451720890954,False,0.03650945425033569,2.3320413902401924,0.34586500000000003,,0.0,4,5.47
bulk_outlier,100.0,10,ef,,1,0.019801980198019802,3000,0.015655577299412915,0.005778896037454095,0.0001223451720890954,False,0.03650945425033569,2.3320413902401924,0.34586500000000003,,0.0,4,5.95
bulk_outlier,100.0,10,ef,,2,0.019801980198019802,3000,0.015655577299412915,0.005778896037454095,0.0001223451720890954,False,0.03650945425033569,2.3320413902401924,0.34586500000000003,,0.0,4,5.73
bulk_outlier,100.0,8,rtn,,0,0.019801980198019802,3000,0.06299212598425197,0.3386717389929476,0.3386717389929476,False,1.8261889219284058,28.99074913561344,1.0,0,0.0,4,4.78
bulk_outlier,100.0,8,rtn,,1,0.019801980198019802,3000,0.06299212598425197,0.3386717389929476,0.3386717389929476,False,1.8261889219284058,28.99074913561344,1.0,0,0.0,4,4.59
bulk_outlier,100.0,8,rtn,,2,0.019801980198019802,3000,0.06299212598425197,0.3386717389929476,0.3386717389929476,False,1.8261889219284058,28.99074913561344,1.0,0,0.0,4,4.66
bulk_outlier,100.0,8,sr,,0,0.019801980198019802,3000,0.06299212598425197,0.004421151932112681,0.001677638919655159,False,0.3053288459777832,4.847095429897308,0.934555,,0.0,4,4.85
bulk_outlier,100.0,8,sr,,1,0.019801980198019802,3000,0.06299212598425197,0.007380526589902711,0.0015372480538653154,False,0.3271634578704834,5.193719893693924,0.946045,,0.0,4,5.12
bulk_outlier,100.0,8,sr,,2,0.019801980198019802,3000,0.06299212598425197,0.00414903463376867,0.001463286168595532,False,0.39444810152053833,6.261863611638546,0.93388,,0.0,4,5.1
bulk_outlier,100.0,8,ef,,0,0.019801980198019802,3000,0.06299212598425197,0.07645876906625902,0.0013458294878341936,False,0.12563872337341309,1.9945147335529327,0.43711,,0.0,4,5.81
bulk_outlier,100.0,8,ef,,1,0.019801980198019802,3000,0.06299212598425197,0.07645876906625902,0.0013458294878341936,False,0.12563872337341309,1.9945147335529327,0.43711,,0.0,4,5.51
bulk_outlier,100.0,8,ef,,2,0.019801980198019802,3000,0.06299212598425197,0.07645876906625902,0.0013458294878341936,False,0.12563872337341309,1.9945147335529327,0.43711,,0.0,4,5.51
bulk_outlier,100.0,4,rtn,,0,0.019801980198019802,3000,1.1428571428571428,1.0,1.0,False,3.2318716049194336,2.8278876543045044,1.0,0,0.0,4,4.53
bulk_outlier,100.0,4,rtn,,1,0.019801980198019802,3000,1.1428571428571428,1.0,1.0,False,3.2318716049194336,2.8278876543045044,1.0,0,0.0,4,4.75
bulk_outlier,100.0,4,rtn,,2,0.019801980198019802,3000,1.1428571428571428,1.0,1.0,False,3.2318716049194336,2.8278876543045044,1.0,0,0.0,4,4.68
bulk_outlier,100.0,4,sr,,0,0.019801980198019802,3000,1.1428571428571428,0.8534840683873001,0.5574903879899699,False,4.128488063812256,3.612427055835724,0.9433400000000001,,0.0010000000474974513,4,5.15
bulk_outlier,100.0,4,sr,,1,0.019801980198019802,3000,1.1428571428571428,0.6958031809834138,0.511975309558676,False,3.4367294311523438,3.007138252258301,0.96446,,0.0020000000949949026,4,5.14
bulk_outlier,100.0,4,sr,,2,0.019801980198019802,3000,1.1428571428571428,1.438889910996253,0.5577132006206179,False,5.787276268005371,5.0638667345047,0.9208799999999999,,0.0010000000474974513,4,4.97
bulk_outlier,100.0,4,ef,,0,0.019801980198019802,3000,1.1428571428571428,38.49899825864152,0.6590946399113954,False,2.791891098022461,2.4429047107696533,0.374505,,0.0,4,5.61
bulk_outlier,100.0,4,ef,,1,0.019801980198019802,3000,1.1428571428571428,38.49899825864152,0.6590946399113954,False,2.791891098022461,2.4429047107696533,0.374505,,0.0,4,6.44
bulk_outlier,100.0,4,ef,,2,0.019801980198019802,3000,1.1428571428571428,38.49899825864152,0.6590946399113954,False,2.791891098022461,2.4429047107696533,0.374505,,0.0,4,6.48
